index,c1D,c2D,tot_c2D,f1D,f2D,area,mass,n_frags,lat_min,lat_max,lon_min,lon_max,drag,heat_flux,heat_flux_CT,heat_flux_TR,heat_flux_FM,density
source_0829_133953_300_0,8.868330622300375e-06,0.0,0.0,8.830726575426162e-06,0.0,19.903104111114015,165.96589675933143,14,-52.76302154515091,-38.58434455336061,-116.51405307843706,-111.75804963120183,1.0,1.0,0.9651860566794357,1.1328929033038553,1.0716076972864474,1.0479720576636844
source_0829_133953_300_1,2.077254290771944e-06,0.0,0.0,1.920358533635813e-06,0.0,20.921848573623517,192.04179391974353,15,-52.85112570270861,-39.24252017247033,-116.55130699311691,-111.93900170336168,1.0,1.0,0.8694812033882182,0.9593417151992031,1.088693588061031,1.036455768288349
source_0829_133953_300_10,1.6582564534030886e-05,0.0,0.0,7.103182977141742e-06,0.0,17.163580639699056,123.75541973396555,12,-52.443451206750105,-36.93928402593877,-116.38033744459598,-111.31652754764984,1.0,1.0,1.1830931206732689,1.4345148180780165,1.0645722541145912,1.0859705703517288
source_0829_133953_300_100,5.487121089653718e-06,0.0,0.0,5.582575861584615e-07,0.0,17.163580639699056,115.08317701123988,12,-53.62581676704978,-37.3981448308508,-116.88573937615298,-111.43923811102663,1.0,1.0,1.2105862742907307,1.4440633883554006,1.0611589482242092,0.9280604477487191
source_0829_133953_300_101,1.2406485737731753e-05,0.0,0.0,6.642123669298172e-06,0.0,15.12956827694223,106.28448792580477,9,-52.61548662285087,-37.63628599269828,-116.45300994834014,-111.5023779176361,1.0,1.0,1.241203022485855,0.6938517312794323,0.9943749112113244,1.0483374739328868
source_0829_133953_300_102,3.0399404858489757e-06,0.0,0.0,2.927304392552621e-06,0.0,20.921848573623517,182.61422090848572,15,-53.00817639174864,-39.12424754731069,-116.61804775223143,-111.90645937829257,1.0,1.0,0.8930410681388408,1.0706910540993988,0.9011186980121513,1.016365009032052
source_0829_133953_300_103,8.065587787972224e-06,0.0,0.0,2.0810584555608358e-07,0.0,15.12956827694223,104.47944853309995,9,-53.257242701304925,-37.01042295652292,-116.72607544216727,-111.33611416013,1.0,1.0,1.2402796231296556,1.4967783253152502,1.0244201761989777,0.9642585035606873
source_0829_133953_300_104,3.601974547512006e-06,0.0,0.0,3.5078272798694243e-06,0.0,23.68248997936912,200.28206886252693,18,-52.72660660829248,-39.020995954171866,-116.49869345701273,-111.87753603016338,1.0,1.0,0.8342783356021493,1.3207658585090691,0.9186542725823976,1.0527851278507474
source_0829_133953_300_105,1.7763763159291951e-06,0.0,0.0,1.7445380983138747e-06,0.0,20.921848573623517,191.04843821998816,15,-54.348741686471605,-40.01221308651721,-117.20584958123554,-112.15547641484122,1.0,1.0,0.8447094028987949,1.1306348985653827,0.9142913765198306,0.865390875133082
source_0829_133953_300_106,1.9116929726091854e-06,0.0,0.0,1.7383894116429488e-06,0.0,23.68248997936912,219.8403291404814,18,-52.12924876170598,-39.300148945085354,-116.24991101596379,-111.95417643298217,1.0,1.0,0.8308963040460542,0.5984960705979303,1.0287707325709574,1.1363316342077407
source_0829_133953_300_107,2.404834716149917e-06,0.0,0.0,2.3736536510776673e-06,0.0,18.759570589384353,161.35847949488561,13,-53.39358559624449,-39.166758915735755,-116.7836669636339,-111.91888560289837,1.0,1.0,1.0135457695545795,0.594888700021046,1.0585991788729356,0.9693410342318287
source_0829_133953_300_108,2.612887801568773e-06,0.0,0.0,2.3448937823689064e-06,0.0,26.394535880289972,245.83838246604,21,-52.89438748952952,-39.79094675745422,-116.56964953048038,-112.0916442117411,1.0,1.0,0.7480838502901946,0.9396977988761985,1.0433384322233257,1.0308663249661063
source_0829_133953_300_109,9.650575600073768e-06,0.0,0.0,8.163975095065723e-06,0.0,17.163580639699056,127.13270488251621,12,-54.112667087343674,-38.63251768227497,-117.10063239625855,-111.77303547097262,1.0,1.0,1.188363575010282,0.6080185972398715,1.0566965539254323,0.8802921571971969
source_0829_133953_300_11,2.667072040394732e-06,0.0,0.0,2.62446860221921e-06,0.0,19.903104111114015,163.09439527250896,14,-54.48437691752462,-39.334263067154595,-117.26721533848908,-111.96595688662384,1.0,1.0,0.9362296716507095,1.4498842808860744,1.0498601247026083,0.8519437738524599
source_0829_133953_300_110,2.2262778142028766e-06,0.0,0.0,2.192057419803106e-06,0.0,17.163580639699056,146.7743164803435,12,-54.61266918696582,-39.2243753501319,-117.32559364629122,-111.93608614953796,1.0,1.0,1.0938759437934098,0.7130116253761709,1.0662048689946189,0.8395021895635915
source_0829_133953_300_111,1.9888298394464375e-06,0.0,0.0,1.8844350267999133e-06,0.0,23.68248997936912,210.67234957473462,18,-53.36275031588812,-39.46152447553617,-116.77031918557739,-112.00013571196179,1.0,1.0,0.8112179873704111,1.3482910102070629,0.9086524086795199,0.9729889639604212
source_0829_133953_300_112,1.5546934120277996e-05,0.0,0.0,1.5256638754124197e-05,0.0,18.759570589384353,150.80627396137749,13,-52.96785805256948,-38.145362902882,-116.60087323897784,-111.63904308030918,1.0,1.0,1.0532988485266335,1.2219357030274316,0.9836874391156929,1.0214698866032925
source_0829_133953_300_113,7.0543750298039195e-06,0.0,0.0,6.995417413224736e-06,0.0,18.759570589384353,154.16509081798802,13,-52.834764875897775,-38.33673054642307,-116.54437968148689,-111.69084468709256,1.0,1.0,1.041956609153694,1.032190420221732,1.0769953742704441,1.0385811767060846
source_0829_133953_300_114,6.167848484882862e-06,0.0,0.0,6.138191012250438e-06,0.0,18.759570589384353,154.94763726000747,13,-53.05224304958364,-38.347806001078105,-116.63685205945538,-111.69392904993222,1.0,1.0,1.016460730252401,1.2566963713865134,0.9229776293391599,1.0108264599123016
source_0829_133953_300_115,9.69844393209466e-06,0.0,0.0,9.145160808410324e-06,0.0,17.163580639699056,135.8569113370832,12,-54.13055078857847,-38.754765473437004,-117.10824958523989,-111.80643458085163,1.0,1.0,1.1632175590313225,0.6094322075750866,0.9270211417756121,0.8834129346122752
source_0829_133953_300_116,1.950502612967132e-06,0.0,0.0,1.6760223917611228e-06,0.0,25.516202713087875,222.758639071731,20,-52.71326918981014,-39.46343880416603,-116.49307383104838,-112.00009965192439,1.0,1.0,0.812592621509899,0.8973394051139689,1.0367705750613725,1.0545557254627191
source_0829_133953_300_117,4.309740360310004e-06,0.0,0.0,4.182908230343507e-06,0.0,17.163580639699056,139.09511024969737,12,-54.438047620472446,-39.00538198163166,-117.24644372121098,-111.87558437456676,1.0,1.0,1.1521453035208746,0.5403080773101382,1.0177742260562432,0.8540516637863083
source_0829_133953_300_118,1.205819512493188e-05,0.0,0.0,7.81217271239587e-06,0.0,15.12956827694223,106.53102974736092,9,-52.72113157004778,-37.28815019106109,-116.49742489654201,-111.40947080610658,1.0,1.0,1.2348466730865357,1.0712670393414738,0.9090728356409419,1.034792904730073
source_0829_133953_300_119,4.964476838033433e-06,0.0,0.0,4.3074430622347393e-07,0.0,15.12956827694223,103.5528238377488,9,-53.878147900206784,-37.42717993923347,-116.99731282578786,-111.4473461216614,1.0,1.0,1.2513697768551564,1.3581000960872511,0.9743021255210993,0.890691465730951
source_0829_133953_300_12,6.547662067085316e-06,0.0,0.0,3.4682570234645382e-06,0.0,15.12956827694223,94.68421166294192,9,-52.39671465607414,-37.48351811322464,-116.36200200820053,-111.46151174211742,1.0,1.0,1.2764599504986627,0.6080338052676767,0.9617106129988174,1.0687235112459015
source_0829_133953_300_120,1.2488613916225144e-05,0.0,0.0,1.579450535915683e-06,0.0,15.12956827694223,89.86976922795313,9,-52.76794203929041,-36.93786444382561,-116.51787656677044,-111.31686035048249,1.0,1.0,1.2877649660848989,1.185181915523341,0.9488162373117253,1.013707771630904
source_0829_133953_300_121,5.941832688417862e-06,0.0,0.0,4.025722674882992e-06,0.0,15.12956827694223,111.2741894021777,9,-53.54439233850055,-38.263094133732054,-116.85041885977107,-111.67211353338391,1.0,1.0,1.2357883591556238,0.5147103729772873,0.9007315760725197,0.9331531931963052
source_0829_133953_300_122,4.80137390030989e-06,0.0,0.0,4.750729121760777e-06,0.0,19.903104111114015,173.04296055923152,14,-52.51996013704754,-38.974802102833856,-116.41195886419409,-111.86499923310562,1.0,1.0,0.9754273864388324,0.5233018581111185,0.9488762683689206,1.0806835633083927
source_0829_133953_300_123,1.548486681865843e-05,0.0,0.0,1.435135714522584e-05,0.0,17.163580639699056,141.17211332953812,12,-52.96239398972739,-38.147811203213784,-116.59854778208357,-111.64001545490565,1.0,1.0,1.1483175331859843,0.7497524798676117,0.9688646825189609,1.0221440012406866
source_0829_133953_300_124,4.2874379762969664e-05,0.0,0.0,2.0353029129394073e-05,0.0,15.12956827694223,110.49400242374942,9,-53.04671032282258,-37.79794512782553,-116.63552296627272,-111.54603869572307,1.0,1.0,1.230404993642659,0.7695631664275352,0.9450491662271433,0.9942921197100166
source_0829_133953_300_125,1.3517200927864861e-05,0.0,0.0,1.3077062503752401e-05,0.0,20.921848573623517,170.08675267117707,15,-51.91577340529838,-38.19515886278343,-116.16242234629118,-111.65147500113125,1.0,1.0,0.9663071224738002,1.0673801798825626,1.0523836758587737,1.1684340182298971
source_0829_133953_300_126,1.0893109729701498e-05,0.0,0.0,9.70591524529496e-06,0.0,17.163580639699056,139.69578900476603,12,-53.00552273885428,-38.13075396534715,-116.61691714203495,-111.63546653754594,1.0,1.0,1.1598256529755524,0.7274930231084313,1.021036144009197,1.0166706400069052
source_0829_133953_300_127,9.57167070315984e-06,0.0,0.0,9.437122295952172e-06,0.0,20.921848573623517,179.00020918019484,15,-52.20959870925136,-38.63085737375302,-116.28303256232194,-111.77021127637325,1.0,1.0,0.927825306308171,0.9664853904766733,1.0257573078452018,1.1245699077243383
source_0829_133953_300_128,2.4518060726694833e-05,0.0,0.0,2.3999396677187868e-05,0.0,18.759570589384353,151.59914871924613,13,-52.26171234768609,-37.92251641270889,-116.304569582807,-111.57837469545855,1.0,1.0,1.0680168413805573,1.0265790957450693,0.9856176687566863,1.117030722819198
source_0829_133953_300_129,6.100239583059503e-06,0.0,0.0,5.942053637464362e-06,0.0,18.759570589384353,145.60777282332504,13,-54.28767858800421,-38.825321415287455,-117.17833935454802,-111.8256957825562,1.0,1.0,1.1022692574571193,0.9290203775986332,1.0538774646794575,0.8715452222894335
source_0829_133953_300_13,7.656653220931655e-06,0.0,0.0,3.061637593448907e-07,0.0,15.12956827694223,98.9210897695645,9,-53.92812035331458,-37.54206553486152,-117.01970339324104,-111.47819197854764,1.0,1.0,1.271090791358741,1.1965669230816307,0.9798686184700771,0.8807934625773871
source_0829_133953_300_130,2.2074641982442593e-06,0.0,0.0,1.9594246516430047e-06,0.0,26.394535880289972,254.24596292799242,21,-52.362599414934145,-39.695571818816816,-116.34639120169629,-112.06437087596828,1.0,1.0,0.7593158589580464,0.5823176567271168,1.0607969601316405,1.1026317163005919
source_0829_133953_300_131,5.797926548470536e-06,0.0,0.0,5.752530640279474e-06,0.0,19.903104111114015,164.3857606451509,14,-53.37982310269547,-38.83266982519817,-116.77770754044865,-111.82654950678373,1.0,1.0,0.9551834031021944,1.2625739453029081,1.0437769256108718,0.9709666017194709
source_0829_133953_300_132,2.7051361091775866e-06,0.0,0.0,1.937658226203176e-06,0.0,25.516202713087875,217.58756835340674,20,-53.15733545432808,-39.37759095920077,-116.68183235916163,-111.97654451317261,1.0,1.0,0.7920947342973619,1.4144738397037568,1.0648233503025497,0.9977939702976222
source_0829_133953_300_133,1.2222759740995075e-05,0.0,0.0,1.2174028722888863e-05,0.0,20.921848573623517,184.74910870244403,15,-52.47236124196978,-38.68669752021805,-116.39208285281438,-111.78557611106936,1.0,1.0,0.8827747154894662,1.2783234095083063,1.042972243593994,1.0872573198157922
source_0829_133953_300_134,3.705745281178733e-05,0.0,0.0,1.95163237655116e-05,0.0,15.12956827694223,111.46605153200541,9,-52.88522758774686,-37.76796609470592,-116.5667271184528,-111.53785001091126,1.0,1.0,1.2275904478345336,0.741481170458778,0.9350814425457862,1.0155303122899804
source_0829_133953_300_135,4.4208914219358964e-06,0.0,0.0,3.661990669923121e-06,0.0,26.394535880289972,260.2812646552925,21,-52.28222777629041,-39.64762629716114,-116.31306072473379,-112.05085427033694,1.0,1.0,0.7420513827656854,0.6825672981329924,1.0575179610907086,1.1140819208734016
source_0829_133953_300_136,9.692781538056217e-06,0.0,0.0,5.809253474042819e-06,0.0,17.163580639699056,110.64886315208867,12,-52.63456020889814,-37.29233221251762,-116.46083671713575,-111.41047260938247,1.0,1.0,1.2238905077424465,1.0730790120288023,0.9530712304068946,1.049503081272397
source_0829_133953_300_137,1.821883203025226e-05,0.0,0.0,3.271664042903133e-06,0.0,12.905025756461974,92.98737180607196,7,-53.71846910589557,-37.95724753653151,-116.92743952981797,-111.58975205819584,1.0,1.0,1.2965167378422215,0.6179585224359705,1.0781511133111032,0.8987791045090455
source_0829_133953_300_138,1.925567039279346e-06,0.0,0.0,1.6645681083504726e-06,0.0,20.921848573623517,179.591915702631,15,-53.37092543296049,-39.311989759238195,-116.77385647757812,-111.95880964215633,1.0,1.0,0.9012420397833386,1.02955413723969,1.024156897099219,0.9720196608753726
source_0829_133953_300_139,3.7155141039580665e-06,0.0,0.0,3.6122597222298936e-06,0.0,26.394535880289972,234.4152580549554,21,-54.17353353663944,-40.21014224895114,-117.1271112943016,-112.21098473474612,1.0,1.0,0.7307916915027098,1.4453754471960423,0.9764211177245219,0.8832145291239379
source_0829_133953_300_14,3.553811413650216e-05,0.0,0.0,3.53805738951829e-05,0.0,19.903104111114015,160.11738537881286,14,-51.27883134920009,-37.762478280370935,-115.90564357909501,-111.53446455823365,1.0,1.0,1.035495423586184,0.8530798121879967,1.0415735791019096,1.2719761805321963
source_0829_133953_300_140,9.333011353388238e-06,0.0,0.0,8.746506473755744e-06,0.0,26.394535880289972,240.67197147422445,21,-51.62325358533,-39.04710680134684,-116.04371301118209,-111.88362282967012,1.0,1.0,0.7943212199666292,0.7524405961371647,1.0220601727945857,1.214489300039719
source_0829_133953_300_141,4.410870933428165e-06,0.0,0.0,4.38141268288561e-06,0.0,18.759570589384353,153.95087952626423,13,-53.33132389435969,-38.40530636729518,-116.75673308191767,-111.70976606519132,1.0,1.0,1.0135957505406494,1.3528713281849885,1.015658386189987,0.9767268694724756
source_0829_133953_300_142,4.800473234282469e-06,0.0,0.0,5.847154360694162e-07,0.0,17.163580639699056,114.68545070714762,12,-52.84760631119321,-37.10717163947672,-116.55059443969604,-111.36134937694938,1.0,1.0,1.208790848340286,1.3730313226132898,0.9957821542857072,1.023778639571319
source_0829_133953_300_143,2.1614115775815154e-06,0.0,0.0,2.0825810536084788e-06,0.0,26.394535880289972,262.66942875847434,21,-54.43006884439178,-40.978640989303756,-117.2426003329468,-112.43082336505216,1.0,1.0,0.7082064447186369,0.572131374163901,1.0842192065008223,0.8572915272537408
source_0829_133953_300_144,4.2554280189676315e-06,0.0,0.0,4.2242489254329385e-06,0.0,18.759570589384353,155.5793350895567,13,-53.77451544936605,-38.904174942991226,-116.949991237591,-111.84670013422223,1.0,1.0,1.010510256159324,1.1013849547783665,1.0015505662471829,0.925844976586547
source_0829_133953_300_145,4.632360512726883e-06,0.0,0.0,4.355029185054704e-06,0.0,22.756498676983437,195.60246283676696,17,-52.56201807087216,-38.9733927721102,-116.42955422840228,-111.86433303351448,1.0,1.0,0.8539573866592018,1.1697007990805786,1.0313280110124068,1.0749195860864185
source_0829_133953_300_146,1.0614834137165698e-05,0.0,0.0,6.294281113206068e-06,0.0,18.759570589384353,141.51015257691157,13,-52.855696257874506,-37.573365034652326,-116.5532428768235,-111.48519067443678,1.0,1.0,1.122894738066232,1.3421827947256384,1.0776864351858957,1.0358566054690417
source_0829_133953_300_147,9.287752420084794e-06,0.0,0.0,9.168011516957897e-06,0.0,18.759570589384353,158.58270045744158,13,-52.8010229636162,-38.74600758006022,-116.53010502684866,-111.80256664873808,1.0,1.0,1.0449209837532276,0.5803932350696702,1.0843844007124315,1.0429828815702586
source_0829_133953_300_148,2.5300284971378728e-05,0.0,0.0,6.253786694943031e-06,0.0,17.163580639699056,123.28362475437247,12,-52.00497625923476,-36.85597672145999,-116.19908618097351,-111.29426760908913,1.0,1.0,1.1863486846157834,1.3089834169587324,0.9827857882360286,1.1510954341036754
source_0829_133953_300_149,6.090819091524462e-06,0.0,0.0,5.906356145835012e-06,0.0,18.759570589384353,151.3777127504713,13,-53.35404632304096,-38.24264535732842,-116.76655451519387,-111.66559396819247,1.0,1.0,1.028050399532252,1.4418560817905803,0.9625698221396889,0.9740217366904731
source_0829_133953_300_15,7.993397485602356e-06,0.0,0.0,7.897604161311023e-06,0.0,18.759570589384353,154.88687845887205,13,-53.03353325369333,-38.57985011087909,-116.62886308524955,-111.75727335089142,1.0,1.0,1.0429664007283985,0.8864179642350226,0.9054523166619579,1.013172963537397
source_0829_133953_300_150,2.4362303200980254e-06,0.0,0.0,2.393956911594941e-06,0.0,19.903104111114015,166.19816123945955,14,-54.03650033500424,-39.339479441705635,-117.06594405281665,-111.96709943353117,1.0,1.0,0.9408059794768671,1.1679814203344283,0.9465953000119739,0.8975307702105145
source_0829_133953_300_151,6.391024135567561e-06,0.0,0.0,6.259932752827879e-06,0.0,20.921848573623517,173.17892593010595,15,-51.99863551937007,-38.26242621755997,-116.19629473979008,-111.66971863222619,1.0,1.0,0.9450710547224158,1.1448153266609633,0.9828010919232525,1.155824662824961
source_0829_133953_300_152,1.8728173290919797e-06,0.0,0.0,1.777102905387018e-06,0.0,23.68248997936912,212.41144590691044,18,-54.32658468653241,-40.17039073894516,-117.19585992393654,-112.20004605314686,1.0,1.0,0.7998692935455969,1.184307403626781,0.9375838848212432,0.8676161893752985
source_0829_133953_300_153,1.7133387710452622e-06,0.0,0.0,1.6583649738999284e-06,0.0,20.921848573623517,199.26750484800857,15,-52.64528897168121,-39.44459822816741,-116.46447713658772,-111.99492556594114,1.0,1.0,0.8762030424219955,0.5329020767688355,0.9949741261059569,1.0636417957253002
source_0829_133953_300_154,1.7229853831703422e-06,0.0,0.0,1.6952923881374815e-06,0.0,18.759570589384353,161.36864208134915,13,-53.6855480178786,-39.312895252013334,-116.91090676189229,-111.95962642919673,1.0,1.0,1.0060284369021122,0.6305891068840794,1.0108911350707817,0.9357521779366159
source_0829_133953_300_155,8.878332848124771e-06,0.0,0.0,1.7072972418041843e-06,0.0,17.163580639699056,113.94472960563459,12,-52.0037004157739,-36.644737149498944,-116.19887789579985,-111.23875598070693,1.0,1.0,1.2058928211409912,1.4059443714921867,1.0778150780693216,1.1448816046834547
source_0829_133953_300_156,5.976762691843914e-06,0.0,0.0,2.116780820626829e-06,0.0,15.12956827694223,109.45500893926007,9,-52.80258511557487,-37.39586831298549,-116.53173221384134,-111.43818653859383,1.0,1.0,1.2272972926821724,1.0395923959708797,1.0572535110909356,1.0258585739838095
source_0829_133953_300_157,6.444070971971615e-06,0.0,0.0,6.0002442037188075e-06,0.0,26.394535880289972,232.82148555851904,21,-52.05397195422906,-38.81689967491294,-116.21897769744247,-111.820612673184,1.0,1.0,0.766572827290093,1.4572985620618235,0.9865203168258314,1.1475098729183382
source_0829_133953_300_158,1.4639995180021542e-05,0.0,0.0,5.465584534958268e-06,0.0,15.12956827694223,112.94368338841562,9,-53.99834498262386,-38.10350743563973,-117.0502360356609,-111.62913729831169,1.0,1.0,1.225736017238352,0.9089737811415178,0.940184342412732,0.884110472858942
source_0829_133953_300_159,3.7838893423281136e-05,0.0,0.0,2.6988038714481632e-05,0.0,17.163580639699056,114.64923443053807,12,-52.49728120439895,-37.77187906175094,-116.40324312801746,-111.53857339684849,1.0,1.0,1.2216506025355343,0.595462328033561,1.014566113063285,1.0699261248278535
source_0829_133953_300_16,3.760487548752551e-06,0.0,0.0,3.7372849154282406e-06,0.0,18.759570589384353,161.6988260294694,13,-54.85696147180215,-39.85420759978542,-117.43767339074041,-112.11175749105746,1.0,1.0,0.9687511003079847,0.8772161798238483,1.0970291023058425,0.8165360203380787
source_0829_133953_300_160,2.988376974294095e-06,0.0,0.0,2.950304987758834e-06,0.0,18.759570589384353,156.69821703461795,13,-53.81106516188701,-39.1199354097781,-116.96609053778785,-111.9062974308997,1.0,1.0,1.019381869860961,0.8431846241702294,0.9424396552371685,0.9218191293206386
source_0829_133953_300_161,4.181350198013331e-06,0.0,0.0,4.122979228915469e-06,0.0,18.759570589384353,149.59932102991428,13,-55.02461209861692,-39.622954500626726,-117.51529422934074,-112.04735835793063,1.0,1.0,1.073781798640674,0.5936498923736794,1.0409766370819162,0.801299127396925
source_0829_133953_300_162,1.645215002825549e-05,0.0,0.0,3.903363131274595e-06,0.0,15.12956827694223,108.7776708941613,9,-53.35186732120612,-37.66358039187237,-116.76682033396791,-111.51019278709954,1.0,1.0,1.234074232572565,1.0059786359444676,0.9492731026276947,0.9550770492292618
source_0829_133953_300_163,1.624557303240865e-06,0.0,0.0,1.3844662231088378e-06,0.0,26.394535880289972,258.9222991077579,21,-53.03029439553264,-40.126324934067696,-116.62748238811776,-112.18612689944462,1.0,1.0,0.7357711745977854,0.6013028783515462,1.0917960049082083,1.0135793931826562
source_0829_133953_300_164,1.1554688142122334e-05,0.0,0.0,1.148402873829557e-05,0.0,18.759570589384353,149.49119104424912,13,-53.718966278082036,-38.68722642464511,-116.92557022252299,-111.78726469777887,1.0,1.0,1.069433059821401,0.9775795406780765,0.9205514129310667,0.9320130645527215
source_0829_133953_300_165,7.859560674760956e-06,0.0,0.0,5.925526685990334e-06,0.0,17.163580639699056,122.76515007293995,12,-54.20473450708104,-38.55903730952706,-117.14201031654517,-111.75306455356899,1.0,1.0,1.2001763440362798,0.6694564374197195,0.945539481717412,0.8683393330531688
source_0829_133953_300_166,5.656527847217958e-06,0.0,0.0,4.214025507875974e-06,0.0,18.759570589384353,132.6887810818629,13,-51.95672660654621,-37.44600543604461,-116.17914860586089,-111.45070057216343,1.0,1.0,1.1722977921211717,0.8496961070519498,1.0479799683047866,1.1619197146420424
source_0829_133953_300_167,5.994527203266472e-06,0.0,0.0,5.96068187153076e-06,0.0,18.759570589384353,153.29091312391395,13,-53.09886394146468,-38.261970145002415,-116.65678170919088,-111.67065564700408,1.0,1.0,1.0236083336840913,1.324113630352538,0.9291904108048313,1.0050131269949123
source_0829_133953_300_168,3.6128110513994925e-05,0.0,0.0,1.8590332092283113e-05,0.0,17.163580639699056,119.52831595291465,12,-53.20127777091365,-37.839741092014535,-116.70144994735172,-111.55727473678756,1.0,1.0,1.204444442170764,0.9043260369068873,0.9476263487430517,0.9808094002252291
source_0829_133953_300_169,7.784641011049152e-06,0.0,0.0,7.755465875391998e-06,0.0,18.759570589384353,157.0403321981306,13,-53.04357741383205,-38.56925034085867,-116.63315049725269,-111.7542999306753,1.0,1.0,1.0160892457608388,1.0382937369737544,0.981741445392653,1.0119124034808091
source_0829_133953_300_17,4.001133318295265e-05,0.0,0.0,3.749969210098403e-05,0.0,18.759570589384353,148.53905682182406,13,-52.63553112739718,-37.86586069453037,-116.46037800883646,-111.56341730791493,1.0,1.0,1.0792640071836892,1.1980118898930252,0.9056585561005251,1.064957312172631
source_0829_133953_300_170,7.2869075017211804e-06,0.0,0.0,5.944166871940659e-06,0.0,18.759570589384353,138.72384760989797,13,-52.1407700971093,-37.50932298435654,-116.25465348099961,-111.4676291865943,1.0,1.0,1.1371059131986254,1.027532514539562,1.0485943514198943,1.1345393294096349
source_0829_133953_300_171,1.6336685006212773e-06,0.0,0.0,1.3631832399552124e-06,0.0,25.516202713087875,233.6723083044108,20,-53.299325391970285,-40.05382797747264,-116.74291761878469,-112.16607316217642,1.0,1.0,0.7866739925050941,0.6527129932449511,0.9682904565695523,0.9805537357958484
source_0829_133953_300_172,1.7092831629877378e-06,0.0,0.0,1.6735116702415453e-06,0.0,20.921848573623517,187.56308930711995,15,-53.77242061195205,-39.60740660391533,-116.9490696943914,-112.04133887812819,1.0,1.0,0.8609315225921159,1.1583432639139801,0.9723390062484861,0.9260770002386786
source_0829_133953_300_173,2.1937754672064568e-06,0.0,0.0,2.0527013044890907e-06,0.0,26.394535880289972,236.63368406758616,21,-53.64669921645501,-39.99494378029095,-116.89388664007355,-112.14970897232247,1.0,1.0,0.7400811750162152,1.2836200392894104,0.9529328705655595,0.9401199843810272
source_0829_133953_300_174,5.225138278297478e-06,0.0,0.0,4.457567838733745e-06,0.0,27.28186131815145,256.3685386581327,22,-52.50414147930393,-39.524970540268924,-116.40534996310171,-112.01683107905235,1.0,1.0,0.7208623459849746,1.1563821183863006,0.9232709056271572,1.0828617548492707
source_0829_133953_300_175,2.203782669528289e-06,0.0,0.0,2.169010875796573e-06,0.0,20.921848573623517,183.07638002044916,15,-53.99329302887633,-39.45795698621794,-117.04673083575733,-111.99977224048202,1.0,1.0,0.8579211674457641,1.484965229681957,0.9163054597806908,0.9021142544814662
source_0829_133953_300_176,2.0702820826063455e-06,0.0,0.0,2.0180198849750752e-06,0.0,18.759570589384353,150.3073719565902,13,-54.641055446451126,-39.25587228888968,-117.33855466727918,-111.9446856307473,1.0,1.0,1.0462053069239352,0.975069144867968,0.9309633921945764,0.8367847829345058
source_0829_133953_300_177,1.06920278795778e-05,0.0,0.0,2.3883169673055704e-06,0.0,15.12956827694223,91.21339675676928,9,-52.18106633061483,-37.04298056339857,-116.27267116323817,-111.34422983032144,1.0,1.0,1.2784204362147258,0.9000569760263745,1.0534957258045348,1.0984852103318565
source_0829_133953_300_178,4.186007446043704e-06,0.0,0.0,3.811905035289165e-06,0.0,18.759570589384353,143.28075773123805,13,-52.879546831686184,-38.292796259654395,-116.56335392665683,-111.67925622069195,1.0,1.0,1.1447256673351562,0.589207440926622,0.9024827793811949,1.0327559645569515
source_0829_133953_300_179,1.5108525137518015e-06,0.0,0.0,1.3514669525704903e-06,0.0,26.394535880289972,260.8215262183311,21,-52.93260372358225,-40.050349465087166,-116.58587940635714,-112.16457110155139,1.0,1.0,0.7293873479056385,0.6800274433738686,0.9102068020121061,1.0259641349664328
source_0829_133953_300_18,2.9990604440238926e-06,0.0,0.0,2.7216713519573332e-06,0.0,25.516202713087875,222.857406344851,20,-52.35126941993227,-39.10650168744323,-116.34168663407971,-111.90074937096225,1.0,1.0,0.8048027162405502,1.1349785994050985,0.9150505128938681,1.104235669676438
source_0829_133953_300_180,3.2848128550906368e-06,0.0,0.0,3.2429529726041295e-06,0.0,20.921848573623517,188.85719843870356,15,-54.005260280497524,-39.94836301988444,-117.0520480056459,-112.13724290857833,1.0,1.0,0.8696464050524526,0.8303473730109192,1.0350215149949882,0.9008411774572405
source_0829_133953_300_181,6.7442481453196256e-06,0.0,0.0,6.690774819295697e-06,0.0,19.903104111114015,161.3886723540782,14,-53.06425549128163,-38.79644450402039,-116.64198360950343,-111.81649861410847,1.0,1.0,1.0003719452709392,0.8966659506821985,0.9336784926858681,1.0093234993914861
source_0829_133953_300_182,9.589562402652031e-06,0.0,0.0,9.542391507744163e-06,0.0,19.903104111114015,159.14194818618972,14,-53.420163084952556,-38.63326653198652,-116.79518535754856,-111.77196001210089,1.0,1.0,0.9796787057243672,1.3556325579674366,0.9041789096558386,0.9662124644766994
source_0829_133953_300_183,1.829576943699755e-06,0.0,0.0,1.7291926891482845e-06,0.0,23.68248997936912,209.52095790485217,18,-53.24196220659112,-39.368202364848784,-116.71819658643825,-111.9740776265072,1.0,1.0,0.8175189119195706,1.3421558526454922,1.0355640540956605,0.9874677170051651
source_0829_133953_300_184,1.0929160640873333e-05,0.0,0.0,9.931440865029728e-06,0.0,17.163580639699056,142.70742386494237,12,-54.24322000521463,-38.64667743291074,-117.15835782059192,-111.77675996108435,1.0,1.0,1.1343476500879754,0.9116338227454903,0.9529734036063578,0.8760658878374631
source_0829_133953_300_185,3.9926651559304215e-05,0.0,0.0,1.704371874100552e-05,0.0,15.12956827694223,111.10834742253606,9,-53.30147370182226,-37.86496098890303,-116.74495168852684,-111.56425656898112,1.0,1.0,1.2300884094073674,0.8152929497468827,1.0337042905777674,0.9627274187119437
source_0829_133953_300_186,1.677227217973513e-05,0.0,0.0,1.6137328378129645e-05,0.0,18.759570589384353,150.32472775751538,13,-52.431945012316824,-37.99856112824743,-116.37523417428744,-111.59904481350434,1.0,1.0,1.078422339523312,0.9858125338949053,1.0548555877989123,1.09288323918918
source_0829_133953_300_187,2.2963253049563568e-06,0.0,0.0,2.1113246169157662e-06,0.0,25.516202713087875,230.30940226506905,20,-54.12379979273917,-40.475618055928884,-117.10487051543117,-112.28649784198151,1.0,1.0,0.7768299473154794,0.7298227629617465,0.9310381768503451,0.8883722744626443
source_0829_133953_300_188,3.580607739228233e-05,0.0,0.0,3.441018396632689e-05,0.0,18.759570589384353,150.32811969400757,13,-52.422496178211794,-37.88969416417463,-116.37130047402655,-111.5696608423875,1.0,1.0,1.0716788381583493,1.1137356414570845,0.986848350845381,1.0942048198542478
source_0829_133953_300_189,5.170323385898001e-06,0.0,0.0,8.712018315648606e-07,0.0,15.12956827694223,88.96520656240801,9,-52.61642029159578,-37.1282216784832,-116.45406478213735,-111.36717806360095,1.0,1.0,1.2915465871705214,0.9508301413651202,0.96172042810857,1.0335959555449798
source_0829_133953_300_19,4.048504138419946e-05,0.0,0.0,1.9447969882846472e-05,0.0,15.12956827694223,105.07400144921769,9,-52.92065140489949,-37.78339013951731,-116.58203842035337,-111.54212030424411,1.0,1.0,1.2494743122716814,0.6518149627038656,1.018280832547598,1.0057159703929657
source_0829_133953_300_190,4.923334491489035e-06,0.0,0.0,1.7878718550079498e-06,0.0,12.905025756461974,102.1651340714432,7,-54.21166563292069,-38.30278219230659,-117.14604151831657,-111.68354925429631,1.0,1.0,1.2675871510220664,0.6144042826315774,1.0522965220577367,0.8534441000533766
source_0829_133953_300_191,1.997787643563296e-06,0.0,0.0,1.9628077995159643e-06,0.0,18.759570589384353,157.5272730153156,13,-54.67932427858169,-39.55626352647717,-117.35605528028557,-112.02816547003054,1.0,1.0,0.9886665130791005,1.0058111043321216,0.9005816053387523,0.8331414452370834
source_0829_133953_300_192,3.7820667077222385e-06,0.0,0.0,3.5886986763378204e-06,0.0,25.516202713087875,233.42332601199973,20,-53.90399294102193,-40.37228574170782,-117.0071354525401,-112.25685171286096,1.0,1.0,0.7719225051833231,0.7402324900747068,1.0904036039508873,0.9116943637160853
source_0829_133953_300_193,9.699718866380298e-06,0.0,0.0,8.777180615870961e-06,0.0,17.163580639699056,142.70074195834303,12,-54.20811998042941,-38.61100495650353,-117.14260857571041,-111.7669601470098,1.0,1.0,1.1313389899206898,0.9474891036634397,0.9589181813286509,0.8796532382181508
source_0829_133953_300_194,4.481234709209488e-06,0.0,0.0,4.225157683057645e-06,0.0,25.516202713087875,219.71671970905356,20,-52.49694509720599,-39.02366600422047,-116.40234344063002,-111.87798438824521,1.0,1.0,0.7990080147072791,1.3529986818015576,1.0090832426293908,1.0838554509742917
source_0829_133953_300_195,1.5484454802786437e-06,0.0,0.0,1.505152592118364e-06,0.0,20.921848573623517,196.68698723079268,15,-52.564122162579096,-39.269250581690926,-116.43043476123489,-111.94614980007849,1.0,1.0,0.8725893388535283,0.7249882261307731,1.0173087852190554,1.0746334073556023
source_0829_133953_300_196,2.4545148887267295e-06,0.0,0.0,2.3241805705565e-06,0.0,27.28186131815145,270.8702808257713,22,-52.63895227142675,-39.88722370433882,-116.46181504049069,-112.11830539438284,1.0,1.0,0.7094633573864271,0.79551287444197,1.0624474159444044,1.0644967605035398
source_0829_133953_300_197,1.1014485807115967e-05,0.0,0.0,7.446113520326314e-06,0.0,18.759570589384353,141.5598444455842,13,-52.717618826724035,-37.58970279334031,-116.49490580090941,-111.48947427901795,1.0,1.0,1.1225763455118947,1.272952369660936,0.9069361377809846,1.0539640437845001
source_0829_133953_300_198,2.41975652959625e-06,0.0,0.0,2.2239850798744243e-06,0.0,25.516202713087875,230.2808519095338,20,-52.84558437740411,-39.694584347464655,-116.54896085711496,-112.06470475175895,1.0,1.0,0.796497949293628,0.7690985675907834,1.007238224775576,1.0371753502705519
source_0829_133953_300_199,2.3539526810699925e-06,0.0,0.0,2.3246042694102798e-06,0.0,18.759570589384353,161.61682161609804,13,-54.021345734284864,-39.482496199862105,-117.0592003810771,-112.00706401540579,1.0,1.0,0.9938206167474818,0.6905031388051239,1.0320851069791188,0.8991347603431042
source_0829_133953_300_2,1.2386993806620503e-05,0.0,0.0,1.2269894314131946e-05,0.0,18.759570589384353,153.09753990928974,13,-52.763439944818366,-38.16834443319974,-116.51422894309543,-111.64509170691424,1.0,1.0,1.04356292496131,1.1515146156983673,0.9568967987342318,1.0479175483502456
source_0829_133953_300_20,8.181080390311292e-06,0.0,0.0,4.422807300508147e-06,0.0,18.759570589384353,133.1114835432922,13,-51.78630323145539,-37.00667475773144,-116.10971379653138,-111.33379931809412,1.0,1.0,1.1516752162763595,1.2387540989748813,0.909627808414396,1.1882874764141096
source_0829_133953_300_200,2.9227081641189485e-05,0.0,0.0,9.92493310436604e-06,0.0,15.12956827694223,94.65647786472155,9,-52.92698911941659,-37.725021440443506,-116.58514217868508,-111.52660019646419,1.0,1.0,1.2824159726700388,0.5752393986539208,1.028473564891038,0.9964301874010285
source_0829_133953_300_201,2.9499015137106062e-06,0.0,0.0,2.889625517865646e-06,0.0,23.68248997936912,216.2660941354306,18,-54.994006363906394,-40.74803835151755,-117.5010809017534,-112.3653039018586,1.0,1.0,0.7934529576797417,0.8964596743580215,0.9815606815097834,0.8040494104215292
source_0829_133953_300_202,1.5133724502856721e-05,0.0,0.0,1.4832255860852683e-05,0.0,18.759570589384353,150.24301975506606,13,-52.57803547829218,-38.18105082943078,-116.4362615390878,-111.6485365272231,1.0,1.0,1.0875912617069936,0.8371044406548412,1.0549967458622753,1.072737437634599
source_0829_133953_300_203,1.2814164722579745e-05,0.0,0.0,9.25719594924157e-06,0.0,17.163580639699056,125.7691877760805,12,-54.74064208455223,-38.68673209160889,-117.38496633798418,-111.7883190464788,1.0,1.0,1.1815344682496027,0.8723246321183461,0.9216677921807402,0.8183139617061438
source_0829_133953_300_204,4.733627029670851e-06,0.0,0.0,4.078198953205714e-06,0.0,17.163580639699056,143.11380597474314,12,-53.984052645741265,-38.39787535402435,-117.04262626643349,-111.70855421669918,1.0,1.0,1.114574344777307,1.1415226828821137,1.0724372677966953,0.903098542800298
source_0829_133953_300_205,2.2155748004976866e-06,0.0,0.0,2.1472470375094588e-06,0.0,20.921848573623517,170.68544182109514,15,-53.96515835330287,-39.417608454749825,-117.0342397616992,-111.9887282362772,1.0,1.0,0.923895841469864,1.1355605618005504,0.9844150873693266,0.9051171066929281
source_0829_133953_300_206,1.1060189888084087e-05,0.0,0.0,1.0991284316141936e-05,0.0,18.759570589384353,149.00542847948267,13,-54.006794197198026,-38.69718693939107,-117.05272980524164,-111.79014541116308,1.0,1.0,1.0534460214956336,1.1936664183075187,0.9246223852389287,0.9006783772846917
source_0829_133953_300_207,2.1009393353244866e-06,0.0,0.0,1.893563380983565e-06,0.0,27.28186131815145,255.19193946022213,22,-52.62612217268382,-39.4589427903563,-116.45642787970503,-111.99852183593013,1.0,1.0,0.7116448161033667,1.3820292802382925,1.043166982064334,1.0662262724194704
source_0829_133953_300_208,1.815014408330104e-06,0.0,0.0,1.7574628331518127e-06,0.0,19.903104111114015,161.92038434373075,14,-53.73852775159427,-39.24147693533164,-116.9341628737698,-111.93980905988629,1.0,1.0,0.9903358573741842,0.8302258759609149,0.9783331121939757,0.9298346807069403
source_0829_133953_300_209,8.953130743527926e-06,0.0,0.0,8.880792856325037e-06,0.0,18.759570589384353,157.7624905643848,13,-52.822440852114816,-38.591564244842786,-116.53916295088798,-111.76027089715741,1.0,1.0,1.0311864292577377,0.8266809947779581,0.9507217104627861,1.0401865354271185
source_0829_133953_300_21,4.764215078463755e-06,0.0,0.0,4.7224255885769395e-06,0.0,18.759570589384353,152.37533035584127,13,-54.295979653763574,-38.89888858053844,-117.18207493943534,-111.84560808477275,1.0,1.0,1.0093728308937187,1.3806496168257767,0.9254511202016172,0.8707049472892822
source_0829_133953_300_210,1.6419271817860663e-05,0.0,0.0,1.0608064269113093e-05,0.0,15.12956827694223,111.62526588465698,9,-52.96959778241456,-37.94889344090269,-116.60262955537158,-111.58662820849115,1.0,1.0,1.230827132431592,0.5950145596685856,0.9014266323660131,1.0040794334082506
source_0829_133953_300_211,1.8041614557804812e-06,0.0,0.0,1.5618368707226438e-06,0.0,26.394535880289972,231.2585398675107,21,-53.03464759218704,-39.55601130741866,-116.62933997402932,-112.0260809988316,1.0,1.0,0.7631971000842982,1.2747205850148486,1.0731017980604642,1.013032443073019
source_0829_133953_300_212,2.8422717918841674e-05,0.0,0.0,6.157840682918803e-07,0.0,12.905025756461974,97.23674874355292,7,-54.095175481476666,-37.725029026457314,-117.09407919192888,-111.52738943576304,1.0,1.0,1.2776801753442228,1.069573070097456,1.0546190061085046,0.8623638454383014
source_0829_133953_300_213,4.590133595626513e-06,0.0,0.0,4.392273975084571e-06,0.0,25.516202713087875,228.3553140669787,20,-54.041934365023806,-40.353445434040985,-117.06836286541927,-112.25165146810954,1.0,1.0,0.7764892682059809,0.8549771729610391,0.9613519890501744,0.8969566330941561
source_0829_133953_300_214,7.517992288183966e-06,0.0,0.0,7.36465335382519e-06,0.0,22.756498676983437,188.41981119232676,17,-52.15790570430756,-38.56124939167031,-116.26171154194292,-111.75100966983717,1.0,1.0,0.8809057913296878,1.2378327544921135,0.928918728730153,1.1321219251762253
source_0829_133953_300_215,4.878281410755936e-06,0.0,0.0,4.770281949451061e-06,0.0,23.68248997936912,206.91804209520467,18,-54.13491949771075,-39.93499987909449,-117.10983832916452,-112.13344415107926,1.0,1.0,0.8163321224072014,1.2562000754667948,0.9381920613534558,0.8872157418656493
source_0829_133953_300_216,2.648413114604639e-06,0.0,0.0,2.416225782786441e-06,0.0,26.394535880289972,242.5845714406076,21,-52.82808571402508,-39.707569556397495,-116.54155309752618,-112.06823470789399,1.0,1.0,0.7555547170446592,0.9650221328079891,0.9974298197010935,1.0394483466485318
source_0829_133953_300_217,1.865395763755731e-06,0.0,0.0,1.7624070854926899e-06,0.0,23.68248997936912,213.4346238676858,18,-54.32614114510574,-40.27645548663088,-117.1956584050589,-112.23013396191705,1.0,1.0,0.8067761354146221,0.9954399232589664,0.9753807110970181,0.8676609334314394
source_0829_133953_300_218,3.3474790722456273e-06,0.0,0.0,3.307710778610584e-06,0.0,18.759570589384353,154.8438316853421,13,-54.22946632755563,-39.15458785578115,-117.15218332394323,-111.91618045299663,1.0,1.0,1.0104658755182898,1.076547014464924,0.9669274423180954,0.8774707935195345
source_0829_133953_300_219,2.601018910394985e-06,0.0,0.0,2.535460532082645e-06,0.0,20.921848573623517,176.61392434065243,15,-53.4502060177114,-39.19143885986907,-116.80822081955756,-111.92543934196573,1.0,1.0,0.902094216408966,1.2080627330590183,0.9894263249242583,0.962692993895114
source_0829_133953_300_22,1.996602837462716e-06,0.0,0.0,1.9597841680596417e-06,0.0,20.921848573623517,192.60330547798904,15,-54.704548808142434,-40.415633158255595,-117.36760624890685,-112.27016090689364,1.0,1.0,0.8509052284157466,0.7920801581652382,1.0325931914591364,0.8307530967489882
source_0829_133953_300_220,4.140873149620872e-06,0.0,0.0,4.085956564314763e-06,0.0,20.921848573623517,172.92409204810605,15,-54.74641875183006,-39.94410339972479,-117.38680686132008,-112.13677608959085,1.0,1.0,0.9046925613920647,1.100873129682976,0.9946060935405732,0.8268101010872295
source_0829_133953_300_221,2.914693999140317e-06,0.0,0.0,2.8351270259241446e-06,0.0,20.921848573623517,186.77376122023054,15,-52.85808299938341,-39.14161364659809,-116.55425441495156,-111.9111108242192,1.0,1.0,0.8845010680651564,1.0022578379153824,1.0973863326042892,1.0355535587594984
source_0829_133953_300_222,2.4163203152534278e-06,0.0,0.0,2.338460793671615e-06,0.0,20.921848573623517,178.280129975856,15,-53.554071922911824,-39.23982798674766,-116.853415604804,-111.93889466156625,1.0,1.0,0.8900882017365239,1.2810101406411505,1.0375035380400965,0.9506657886676999
source_0829_133953_300_223,7.162914307418095e-06,0.0,0.0,3.3011467092114444e-06,0.0,17.163580639699056,127.78224916980815,12,-52.56832504327602,-37.255957914478614,-116.43242210493791,-111.40053072321444,1.0,1.0,1.177124344521746,1.252622383234927,0.9747908443486925,1.0703365190344172
source_0829_133953_300_224,1.5840836970062e-06,0.0,0.0,1.5513518250021008e-06,0.0,20.921848573623517,199.27372176550185,15,-53.96354818523335,-40.137741623834884,-117.03352500802113,-112.19058987421391,1.0,1.0,0.8471688562846379,0.6767366349433571,1.012976478558476,0.905289369202335
source_0829_133953_300_225,3.6054645520869545e-06,0.0,0.0,3.3169237674268714e-06,0.0,25.516202713087875,221.69033410850557,20,-53.21871657889666,-39.667477026162985,-116.70819598629151,-112.05748494962405,1.0,1.0,0.7965013862136759,1.0797988256411768,0.9139115614661935,0.9902890057359872
source_0829_133953_300_226,1.1895924247943108e-05,0.0,0.0,1.1662891740260584e-05,0.0,18.759570589384353,146.3824122637357,13,-53.85608202539398,-38.66263384234512,-116.98595296831121,-111.78074841772522,1.0,1.0,1.1051166217801154,0.8748074110544218,1.0065534246303964,0.9168941024350078
source_0829_133953_300_227,6.473118562832449e-06,0.0,0.0,6.4251064181286566e-06,0.0,19.903104111114015,173.27606481085945,14,-52.28779533390318,-38.78423200472102,-116.31536590512603,-111.81239908974455,1.0,1.0,0.9718459258719877,0.6258675325178161,1.017225157545701,1.1132809527709573
source_0829_133953_300_228,3.014589477018258e-06,0.0,0.0,2.8386995033491402e-06,0.0,20.921848573623517,181.47122402313255,15,-52.65043107823708,-39.1094743522692,-116.4666368671679,-111.90215087651448,1.0,1.0,0.927204208570758,0.6905903252179686,0.9706671090533155,1.0629515283791788
source_0829_133953_300_229,2.456662442729341e-06,0.0,0.0,2.408005907339472e-06,0.0,20.921848573623517,179.35307193302154,15,-53.550844674138304,-39.2251359988708,-116.85200819028593,-111.93479548187004,1.0,1.0,0.8833563997725196,1.3334523789051906,0.9319299449153015,0.9510365717854924
source_0829_133953_300_23,1.0336392252358116e-05,0.0,0.0,2.2031870842154078e-06,0.0,17.163580639699056,126.20641168869021,12,-53.70805003876829,-37.58197472857973,-116.9213185928559,-111.48826243638747,1.0,1.0,1.1761950804989976,1.4659785176493747,1.0122657570942932,0.9260241103684838
source_0829_133953_300_230,2.3571217452028613e-06,0.0,0.0,2.320039944492258e-06,0.0,19.903104111114015,169.45926091542964,14,-53.85633226595646,-39.33762390782741,-116.98606356347112,-111.9664107453581,1.0,1.0,0.9302162207620058,1.1267544110895953,0.9588784633981816,0.9168671554301105
source_0829_133953_300_231,3.7443557624907352e-06,0.0,0.0,2.9215129684345698e-06,0.0,26.394535880289972,238.9392637232266,21,-52.40727103404556,-39.142510495198515,-116.36496290587561,-111.91059862952042,1.0,1.0,0.7477217087911182,1.4212790064035754,0.9633670284607065,1.0963365993080691
source_0829_133953_300_232,6.93128631103817e-06,0.0,0.0,6.8714241585610125e-06,0.0,18.759570589384353,150.71386008251375,13,-53.54885222736966,-38.54898870340764,-116.85113938725549,-111.74924637901916,1.0,1.0,1.049363228448502,1.1364729800900082,1.0521284337591696,0.9512648094795425
source_0829_133953_300_233,1.042396043729818e-05,0.0,0.0,7.428155445632356e-06,0.0,17.163580639699056,124.89252594871787,12,-54.8619772984286,-38.73976894751748,-117.44084857538066,-111.80295980110495,1.0,1.0,1.182853592405576,0.8659681970904191,1.0492006255896693,0.8066142979726946
source_0829_133953_300_234,2.625362033124018e-06,0.0,0.0,2.5155746116167776e-06,0.0,23.68248997936912,209.4410410051714,18,-53.826715080797875,-39.83298996060707,-116.97299097982952,-112.10448915643663,1.0,1.0,0.8179627746999216,1.1656780091333105,0.9747101396938549,0.9201028009035097
source_0829_133953_300_235,3.122027629062463e-06,0.0,0.0,3.0820509043794075e-06,0.0,17.163580639699056,145.10205018145075,12,-54.89636185160659,-39.217958825814485,-117.45586282814416,-111.93454204184643,1.0,1.0,1.1002967596571143,0.8234567699042113,0.9004882932749037,0.8129172321398638
source_0829_133953_300_236,1.7313123436465005e-06,0.0,0.0,1.6300550145231796e-06,0.0,23.68248997936912,214.95219531265826,18,-52.801085661224455,-39.30942895714639,-116.53013145737877,-111.9573849858408,1.0,1.0,0.8198446878439849,1.1126849675716026,0.9392342744708707,1.0429754741844266
source_0829_133953_300_237,2.7580054043727824e-06,0.0,0.0,2.675605870527953e-06,0.0,22.756498676983437,206.55315011430707,17,-53.16095032832035,-39.76252787384545,-116.68338329406177,-112.08415259075363,1.0,1.0,0.8429846841057969,0.6468279050750259,1.0392973427024914,0.9973502007166849
source_0829_133953_300_238,6.484446162552993e-06,0.0,0.0,3.837352727908971e-06,0.0,17.163580639699056,118.02230444839037,12,-51.758354028460175,-37.139090603439314,-116.0986902605957,-111.36904844390159,1.0,1.0,1.2035384061298673,0.9151893113988536,1.008631148401935,1.18619537493167
source_0829_133953_300_239,7.01226438270741e-06,0.0,0.0,6.900366141926462e-06,0.0,18.759570589384353,148.6226937523733,13,-53.62440250072203,-38.77847918885691,-116.88413049672418,-111.81232704175156,1.0,1.0,1.1030767602640694,0.6572400346549757,0.9040436445993475,0.9426428073795153
source_0829_133953_300_24,5.89386085618905e-06,0.0,0.0,5.565186875000627e-06,0.0,17.163580639699056,144.1141350346021,12,-53.069125953960786,-38.46666918003286,-116.64406499516053,-111.72671134907374,1.0,1.0,1.1435697319325175,0.5055935579410121,0.951803982004495,1.0087049914396071
source_0829_133953_300_240,5.13514596078693e-06,0.0,0.0,1.249253467339173e-06,0.0,15.12956827694223,108.56257529098835,9,-53.16161564755393,-37.337283271199716,-116.68477468458599,-111.42281824612935,1.0,1.0,1.2297305830562517,1.2280608744472712,0.9825743196177704,0.979138696273367
source_0829_133953_300_241,2.715614864137448e-06,0.0,0.0,2.4789186080509396e-06,0.0,26.394535880289972,252.8844553390724,21,-52.49824542727379,-39.47140794474603,-116.4028859728702,-112.00191130102338,1.0,1.0,0.7255139297466527,1.196832463445615,1.0289650857347243,1.083675924435564
source_0829_133953_300_242,9.169535279029839e-06,0.0,0.0,8.946420629207807e-06,0.0,19.903104111114015,165.91529972859547,14,-52.156079212973715,-38.21402522941892,-116.26095985325459,-111.65681222268704,1.0,1.0,0.9784050888094908,1.1184110959661149,0.966677305536772,1.1323901185748824
source_0829_133953_300_243,1.9051119127008308e-06,0.0,0.0,1.8578034959304546e-06,0.0,19.903104111114015,161.6330114272546,14,-54.37710239447107,-39.27720991935708,-117.2186513628548,-111.95007736357776,1.0,1.0,0.9500427330207764,1.3719870087446426,0.9700790377049118,0.8625538427728789
source_0829_133953_300_244,2.4123105481650748e-06,0.0,0.0,2.2317605770094673e-06,0.0,25.516202713087875,222.27436765418085,20,-53.68226759288675,-39.877004262773546,-116.90946859597283,-112.11663149570388,1.0,1.0,0.7794568351606762,1.2327974728932556,1.0690745173551068,0.9361202622370732
source_0829_133953_300_245,5.231994257648685e-06,0.0,0.0,5.731062406866272e-07,0.0,15.12956827694223,106.58927267767288,9,-53.67312065134722,-37.39029007615093,-116.90683376580994,-111.43731082574847,1.0,1.0,1.238030968516756,1.3597539399457577,1.0034517115615225,0.9163806087590578
source_0829_133953_300_246,2.9672749819366348e-06,0.0,0.0,2.9398213678977214e-06,0.0,18.759570589384353,161.60915058251817,13,-53.28571586223958,-39.097851731561875,-116.73704667120181,-111.89973479304258,1.0,1.0,1.0124330943180306,0.621159446961002,0.9820848485198033,0.98218763392124
source_0829_133953_300_247,2.8592397552175418e-06,0.0,0.0,2.602186163991327e-06,0.0,27.28186131815145,259.0894324308955,22,-51.88688917349444,-39.24450478267412,-116.15064077864554,-111.93831724726812,1.0,1.0,0.7351232659645323,0.9843736439995991,0.9302594740057727,1.1728740714967565
source_0829_133953_300_248,1.9427949466805295e-06,0.0,0.0,1.86205087648883e-06,0.0,23.68248997936912,224.66997981813995,18,-54.66343203381697,-40.78045500092212,-117.34878392311246,-112.37426058270155,1.0,1.0,0.7897272564960135,0.6009809494716687,0.9044241828605462,0.8346519676963775
source_0829_133953_300_249,2.788219968311146e-06,0.0,0.0,2.6018385140824662e-06,0.0,26.394535880289972,245.2192725425411,21,-53.53348975073352,-40.298534106933666,-116.84444402617075,-112.2354732003451,1.0,1.0,0.7546984754655601,0.651954803202902,0.9257352109979944,0.953032325944301
source_0829_133953_300_25,5.630344153232925e-06,0.0,0.0,5.570059219750512e-06,0.0,19.903104111114015,162.22948531050088,14,-52.74852401790744,-38.53988299803359,-116.50793539247974,-111.74597715997899,1.0,1.0,0.9926112721766414,1.0351977275704929,0.916571969401371,1.0498850896890657
source_0829_133953_300_250,9.247644426694514e-06,0.0,0.0,8.642556462379325e-06,0.0,19.903104111114015,162.8309144511428,14,-52.716719441060775,-38.761565583059756,-116.49452786485188,-111.80667972898141,1.0,1.0,1.0152783360989597,0.6695303758188457,1.0965828634833106,1.0540965336002657
source_0829_133953_300_251,1.45039464782801e-06,0.0,0.0,1.414368568597446e-06,0.0,20.921848573623517,197.29909955791015,15,-54.034474444255586,-40.16276962290718,-117.06504249883551,-112.19775098988035,1.0,1.0,0.8523903863637123,0.660941444727016,0.9889373817835281,0.897744836441887
source_0829_133953_300_252,2.7907460134149393e-05,0.0,0.0,2.3397669951630284e-05,0.0,18.759570589384353,145.34937223020017,13,-53.00557347928645,-37.90168640724403,-116.61693829711336,-111.57340492494347,1.0,1.0,1.102936370445417,1.217678673541395,1.0413817769388578,1.0166936313571742
source_0829_133953_300_253,2.6397607872368493e-06,0.0,0.0,2.3927524204214734e-06,0.0,27.28186131815145,250.35078187094328,22,-52.68356028151969,-39.42793783815869,-116.48056616335951,-111.98995674718145,1.0,1.0,0.7187827120237255,1.4237250602212494,1.0798612175249704,1.0585137663817539
source_0829_133953_300_254,2.573338676320499e-06,0.0,0.0,2.46719754903868e-06,0.0,17.163580639699056,134.55075105829587,12,-55.37684800416556,-39.412257649886854,-117.6807372151751,-111.98910379557228,1.0,1.0,1.149720613308309,0.5617647031629943,1.0072230781999278,0.7665398848056357
source_0829_133953_300_255,2.6278324135076508e-06,0.0,0.0,2.5968303021262074e-06,0.0,20.921848573623517,190.37651184985228,15,-54.11978320992479,-39.80789362363065,-117.10307688308309,-112.09775738342037,1.0,1.0,0.8437464445454674,1.240336632208625,0.928107869392666,0.8887908133392014
source_0829_133953_300_256,8.453996956624716e-06,0.0,0.0,2.222962961484498e-07,0.0,12.905025756461974,95.95998737748741,7,-54.37158375888105,-37.60521427649053,-117.21835007280123,-111.49544165860871,1.0,1.0,1.284383048499013,1.2629573224321584,0.9636016023148058,0.832445642707987
source_0829_133953_300_257,1.693054847589856e-06,0.0,0.0,1.6554308372995763e-06,0.0,20.921848573623517,188.40526469053538,15,-53.04314892354601,-39.24825022434544,-116.63296886213402,-111.94076644909529,1.0,1.0,0.8729147890176674,1.0560119430282606,1.0130440475045956,1.0119655653822053
source_0829_133953_300_258,1.869102854474869e-06,0.0,0.0,1.6000557438999863e-06,0.0,26.394535880289972,248.01289684778132,21,-52.6843047302188,-39.56854103358736,-116.48087936124449,-112.02919278586855,1.0,1.0,0.7362084423131267,1.1524530527981784,0.9222114606725671,1.0584142709117716
source_0829_133953_300_259,1.7671427707053969e-06,0.0,0.0,1.7163851907531225e-06,0.0,20.921848573623517,185.16092185086646,15,-53.34357887241099,-39.474791144383396,-116.76202898238408,-112.00403684798422,1.0,1.0,0.8890703214939619,0.8867016462686348,1.0198348547752893,0.975266814292666
source_0829_133953_300_26,4.81262377151568e-06,0.0,0.0,4.7570390101503435e-06,0.0,19.903104111114015,165.89272469079205,14,-52.77625630163548,-38.94103397692168,-116.51964033970228,-111.85601355478607,1.0,1.0,1.004869824985125,0.558000840932927,0.9251371745756047,1.0462315636950301
source_0829_133953_300_260,1.8504791753356028e-06,0.0,0.0,1.8111806112663942e-06,0.0,20.921848573623517,182.41276961444993,15,-54.60508632503526,-40.015961788960475,-117.32213407991482,-112.15681501310574,1.0,1.0,0.8677111825140318,1.1511995343009307,1.0537810436573136,0.8402299439920521
source_0829_133953_300_261,2.9484233875016038e-05,0.0,0.0,2.925405391229763e-05,0.0,19.903104111114015,157.38239361237459,14,-51.79218957341004,-37.92076007238499,-116.11210664493801,-111.57747086446709,1.0,1.0,1.0452027728670328,0.9107219556634858,0.9508902969715946,1.187591695703107
source_0829_133953_300_262,2.0348500392717476e-06,0.0,0.0,1.7609674126672914e-06,0.0,27.28186131815145,260.8185002902637,22,-52.255968092119566,-39.37608581773216,-116.302193880714,-111.9751395623191,1.0,1.0,0.7145710141563522,1.1957826772341993,1.077499935792252,1.117859142227676
source_0829_133953_300_263,5.144102906817677e-06,0.0,0.0,4.969902534956994e-06,0.0,20.921848573623517,184.70110020704593,15,-52.60881667044062,-38.991402687643635,-116.44916610847739,-111.8694592039489,1.0,1.0,0.8982816943293203,0.952919708067154,0.9158179070371976,1.0685589071321835
source_0829_133953_300_264,6.078621904584013e-06,0.0,0.0,5.94814214460726e-06,0.0,19.903104111114015,158.31309174773395,14,-52.51900524933693,-38.329639275946086,-116.41155945883882,-111.68862418836765,1.0,1.0,1.0258557449745562,0.9623406103366486,1.0561910121875502,1.0808151990381414
source_0829_133953_300_265,1.459840133550251e-06,0.0,0.0,1.3523165216522415e-06,0.0,23.68248997936912,212.71961959006205,18,-54.00620018473956,-40.040142831974435,-117.0524662245967,-112.1629631395009,1.0,1.0,0.8090977538541142,1.0745847079767394,0.910522380007267,0.9007418694634209
source_0829_133953_300_266,4.197436989762285e-06,0.0,0.0,3.796741037231932e-06,0.0,26.394535880289972,239.29505737510095,21,-53.25156031901113,-39.913192162902135,-116.72232876791206,-112.12634850598765,1.0,1.0,0.7541388856004594,1.012276662879234,0.9559634722641118,0.9863060135934318
source_0829_133953_300_267,1.161575252292781e-05,0.0,0.0,1.1512498158450235e-05,0.0,20.921848573623517,166.10429186269292,15,-53.25984837431046,-38.69002122685781,-116.72589817369312,-111.78726169507108,1.0,1.0,0.9423978233407466,1.4076800964624407,1.0639090126546031,0.9853044927488598
source_0829_133953_300_268,1.4562053181037003e-05,0.0,0.0,4.885891158767919e-06,0.0,17.163580639699056,118.69544547762219,12,-54.157142629911654,-38.0277607684366,-117.12079343316117,-111.60864582325591,1.0,1.0,1.2045341857379093,1.1406460033621428,1.0386278006113026,0.8717035861783218
source_0829_133953_300_269,4.417234638047035e-06,0.0,0.0,4.358634883017132e-06,0.0,19.903104111114015,158.42364949831529,14,-55.02318618728707,-39.52093857004663,-117.51463316558845,-112.0184358413924,1.0,1.0,0.9576758913869068,1.4215351852481972,0.9534298213344442,0.8014265213591922
source_0829_133953_300_27,1.686645906732912e-05,0.0,0.0,6.0129309656931085e-06,0.0,15.12956827694223,92.97930152656583,9,-52.72538758465644,-37.66020019868866,-116.49983132415657,-111.5090808348613,1.0,1.0,1.287100573330584,0.5365734128401397,0.9877165785985744,1.021200489690029
source_0829_133953_300_270,9.064796918426612e-06,0.0,0.0,9.02917677803039e-06,0.0,19.903104111114015,165.39633025799418,14,-53.01871542885811,-38.615836664406174,-116.62254132322941,-111.76681279347596,1.0,1.0,0.9532984935814163,1.2973918825559774,1.0343157121668816,1.0150367182211
source_0829_133953_300_271,2.9451349480459152e-06,0.0,0.0,2.8585679754389304e-06,0.0,22.756498676983437,203.08317608651933,17,-52.8253430250969,-39.487353579894034,-116.54039107426414,-112.00695893705903,1.0,1.0,0.8523380077935879,0.7296428745331046,1.0144487064376766,1.039808216405676
source_0829_133953_300_272,1.1949047967343878e-05,0.0,0.0,1.1889453898739077e-05,0.0,20.921848573623517,188.90872152595082,15,-52.14279391996628,-38.660613095394005,-116.25548782967485,-111.77817255581904,1.0,1.0,0.8837512724250667,1.1102981801571823,1.0223032038036226,1.1343411715878438
source_0829_133953_300_273,5.228404083371265e-06,0.0,0.0,2.2297506776514098e-06,0.0,17.163580639699056,127.2225080018579,12,-52.90306216890455,-37.51136123640066,-116.5736775202199,-111.46886424950212,1.0,1.0,1.1791310137505442,1.1698234304159083,1.0623530690620102,1.024411878420561
source_0829_133953_300_274,5.5652456288667625e-06,0.0,0.0,2.2168720793525054e-06,0.0,17.163580639699056,113.99703747478785,12,-52.515499050693315,-37.36810106715646,-116.4108303644528,-111.43053129779986,1.0,1.0,1.215748257572082,0.9907071504227148,0.9667146839608425,1.0679481541583413
source_0829_133953_300_275,2.0426300818794102e-06,0.0,0.0,2.019676377806867e-06,0.0,20.921848573623517,198.18951621224184,15,-55.849993919622584,-40.70149007737409,-117.90613839617052,-112.35272765610189,1.0,1.0,0.8118359914032522,1.4668300804878958,0.998512899786405,0.732067097008873
source_0829_133953_300_276,6.1010961365476046e-06,0.0,0.0,5.824233047180272e-06,0.0,18.759570589384353,152.18543526204428,13,-52.70182418628339,-38.4509943038356,-116.48825436273837,-111.72197653214471,1.0,1.0,1.0876402382029893,0.6266618440147951,1.0782796926088147,1.0560774786064038
source_0829_133953_300_277,5.2051367208135656e-06,0.0,0.0,4.6127610789925555e-06,0.0,18.759570589384353,144.31455804821138,13,-52.987969099420305,-38.39193869987392,-116.60943651434619,-111.70628871475206,1.0,1.0,1.1422855121263051,0.5501510913542536,0.989428254137417,1.0189058985024515
source_0829_133953_300_278,5.911361012477153e-06,0.0,0.0,5.858126379876261e-06,0.0,18.759570589384353,150.05077541357747,13,-54.17040618959166,-38.842283979495825,-117.12571166862104,-111.83005885046637,1.0,1.0,1.0408815994580454,1.19788921319524,1.001302121222103,0.8835380980846944
source_0829_133953_300_279,1.4255869597299222e-05,0.0,0.0,1.3772215432417134e-05,0.0,18.759570589384353,143.53151232519082,13,-52.34149211462634,-38.024403218204476,-116.33762766234105,-111.6061097140623,1.0,1.0,1.130678112741062,0.6741003568889261,1.0300944904426212,1.105570086839576
source_0829_133953_300_28,1.829089780653561e-05,0.0,0.0,1.4733582289094826e-05,0.0,18.759570589384353,144.87848857074286,13,-53.24696316413315,-37.958102209050494,-116.72034939722226,-111.58878805484926,1.0,1.0,1.1047783966611153,1.267532814758472,0.9013293920074422,0.9868621123759591
source_0829_133953_300_280,9.079137231898558e-06,0.0,0.0,3.054427603066401e-06,0.0,15.12956827694223,89.20360894153731,9,-52.666736934522575,-37.604019946888485,-116.47527049606092,-111.49404011804923,1.0,1.0,1.2987035215002303,0.5203900496864008,0.9373563885460316,1.0256532490442263
source_0829_133953_300_281,1.9340070420771507e-06,0.0,0.0,1.8756267485819933e-06,0.0,20.921848573623517,188.73179032325183,15,-52.89811620173876,-39.33223563067573,-116.57123176078854,-111.96398447949801,1.0,1.0,0.8905142669449142,0.7702869416581635,0.9395102577541145,1.0303863593258868
source_0829_133953_300_282,1.3813483653209633e-05,0.0,0.0,9.790186056402028e-06,0.0,17.163580639699056,140.2135623984616,12,-53.503516238748595,-38.037601407513044,-116.83139375795689,-111.61059525788517,1.0,1.0,1.150165667942366,1.0820220576406072,0.9059821004838972,0.956491377099958
source_0829_133953_300_283,9.196716338252455e-06,0.0,0.0,5.377280868357204e-07,0.0,15.12956827694223,91.61209130502247,9,-52.02913752259303,-36.63501655782017,-116.21007339081967,-111.23651676649787,1.0,1.0,1.2696489203578105,1.2046269570449581,1.0824993112257375,1.123098606399625
source_0829_133953_300_284,2.8251763795295384e-06,0.0,0.0,2.7862272047318726e-06,0.0,19.903104111114015,172.069727076361,14,-54.38515347805513,-39.82541519165603,-117.22228836848126,-112.1031359584416,1.0,1.0,0.9227113262380282,0.9128807902026675,1.0124537769198347,0.861750670874416
source_0829_133953_300_285,1.9373326979817343e-05,0.0,0.0,5.992375896601843e-07,0.0,15.12956827694223,102.56080743849279,9,-52.55671198311715,-36.77675448716557,-116.4284158784694,-111.27398515577451,1.0,1.0,1.2399340819406781,1.405244911939464,0.9396786289917014,1.0552105071449795
source_0829_133953_300_286,3.1085211219309174e-06,0.0,0.0,2.8885405132239583e-06,0.0,27.28186131815145,280.3531274976003,22,-51.93349958514209,-39.58033232441215,-116.16965910490329,-112.03161048375995,1.0,1.0,0.7120738689232113,0.6412372597646293,1.0535825615598453,1.1657209745893415
source_0829_133953_300_287,2.9902643799503782e-06,0.0,0.0,2.9442541760182905e-06,0.0,18.759570589384353,154.95128791557892,13,-54.170872287882624,-39.42665038848224,-117.12591982418624,-111.99179057141849,1.0,1.0,1.0484723324250844,0.5224505538854524,1.012242529339565,0.8834900073783559
source_0829_133953_300_288,1.3785262336002823e-05,0.0,0.0,8.500798124644326e-06,0.0,17.163580639699056,136.22490638310038,12,-53.700608758165636,-38.03440787203612,-116.9176762931292,-111.60989942444445,1.0,1.0,1.1568598590036119,1.1416070316022089,1.0876126078563564,0.9320723689840713
source_0829_133953_300_289,8.171039798564753e-06,0.0,0.0,7.914869812220005e-06,0.0,22.756498676983437,201.97585830745106,17,-51.568949900976236,-38.78168055356083,-116.02182362748476,-111.81079789783485,1.0,1.0,0.8843764245690462,0.6153129467631582,1.063109255671787,1.2233127285001568
source_0829_133953_300_29,2.9252990853589392e-06,0.0,0.0,2.7232514777653094e-06,0.0,27.28186131815145,259.4287978051866,22,-52.83420436580612,-39.795064046275925,-116.54414207432865,-112.0926651203816,1.0,1.0,0.7135346100670994,1.0812737180066385,0.916352648251763,1.03865460591597
source_0829_133953_300_290,3.4835507819124303e-06,0.0,0.0,2.5035493484981686e-06,0.0,26.394535880289972,249.33139824297783,21,-52.62759715353326,-39.764776539460364,-116.45704704760155,-112.08404179265062,1.0,1.0,0.7588526927805874,0.701825401017651,1.0251805332218893,1.0660262363223239
source_0829_133953_300_291,2.048829588554952e-06,0.0,0.0,1.9365249611658086e-06,0.0,23.68248997936912,208.5619394495329,18,-53.67727913961516,-39.998541618910274,-116.90728143623512,-112.15096307375045,1.0,1.0,0.8263325463691403,0.7913989660951782,0.9002589977561875,0.9366800552284569
source_0829_133953_300_292,2.9212503719722104e-06,0.0,0.0,2.1739768479855925e-06,0.0,25.516202713087875,230.17264954276447,20,-52.89932144720185,-39.548485275582784,-116.57174359485062,-112.02389165981296,1.0,1.0,0.7757018510679986,1.1211507671975625,0.9412200010799094,1.0302315236731756
source_0829_133953_300_293,1.6383779905184096e-06,0.0,0.0,1.4137249738643831e-06,0.0,26.394535880289972,244.22228270787733,21,-53.86657582001644,-40.24562114191828,-116.99058828473925,-112.22075370739526,1.0,1.0,0.7241322159542748,1.1985290221502394,0.9681618597798585,0.91575135364825
source_0829_133953_300_294,5.0035252396668235e-06,0.0,0.0,6.758463628742106e-07,0.0,17.163580639699056,118.62480393222665,12,-53.742903501211124,-37.488290347387505,-116.93696393628272,-111.46332850575749,1.0,1.0,1.1990049488954164,1.465336290591304,1.0693269472892712,0.9170852368620536
source_0829_133953_300_295,2.918315409515618e-05,0.0,0.0,2.8992806832994766e-05,0.0,19.903104111114015,161.023377192109,14,-51.54422480277213,-37.7254178378582,-116.0118721944909,-111.52467934817182,1.0,1.0,1.0185040626116344,1.0892931685564426,0.9884366702254097,1.227362534617382
source_0829_133953_300_296,6.01050504712508e-06,0.0,0.0,4.298373830313729e-06,0.0,18.759570589384353,142.0555265960669,13,-52.43970490615248,-37.51918659700602,-116.37846753011635,-111.47040371213382,1.0,1.0,1.117109677351548,1.237947027100045,0.9565017509343164,1.091777256940822
source_0829_133953_300_297,1.0521467845873316e-05,0.0,0.0,7.131365422630154e-06,0.0,17.163580639699056,118.68104087530081,12,-52.544773289137765,-37.23196932825878,-116.42289582242822,-111.39424665511754,1.0,1.0,1.1997393517429022,1.1799900797413279,0.94071514607237,1.0674556908283062
source_0829_133953_300_298,2.8298939878349586e-06,0.0,0.0,2.6836506915595137e-06,0.0,23.68248997936912,210.73427788959063,18,-52.18685192369695,-39.13763093498128,-116.27364550653338,-111.90928148010661,1.0,1.0,0.8405455870957295,0.8043147439531725,0.9188176403404804,1.127885986653391
source_0829_133953_300_299,2.1446346109429172e-06,0.0,0.0,2.0971438715600144e-06,0.0,19.903104111114015,166.32794075706624,14,-53.44696782727977,-39.22333656426672,-116.80681494581901,-111.93448813988796,1.0,1.0,0.9735185593726149,0.779690222470542,1.0062896098763752,0.9630717249683804
source_0829_133953_300_3,2.040055110952587e-06,0.0,0.0,1.9341780496118233e-06,0.0,23.68248997936912,202.2906251129914,18,-53.14260548905771,-39.38420418246122,-116.67551660493075,-111.97848235483433,1.0,1.0,0.829644139650162,1.193388968288427,1.0280414265395939,0.9996073500389159
source_0829_133953_300_30,2.8793012259222065e-06,0.0,0.0,2.5217749000105982e-06,0.0,27.28186131815145,257.17918240430174,22,-53.07444617460687,-39.81352247013731,-116.64633929430218,-112.09805386232983,1.0,1.0,0.7032406565663125,1.3042144826766957,0.9665154642196295,1.0080519049726822
source_0829_133953_300_31,4.805960224673743e-06,0.0,0.0,4.667642757527624e-06,0.0,20.921848573623517,174.7516074407305,15,-52.90059907622527,-38.993484562471,-116.57228496905977,-111.87038276803429,1.0,1.0,0.9343416712139587,0.9361757172448042,0.9334941352509321,1.0300677206341289
source_0829_133953_300_32,2.6679321586472063e-06,0.0,0.0,2.476301867004871e-06,0.0,26.394535880289972,246.54962178244278,21,-53.05567683590272,-39.820271995072986,-116.6383186939016,-112.10000547261919,1.0,1.0,0.7352520250753409,1.0990234768113876,0.9303018608844846,1.010396646168154
source_0829_133953_300_33,2.750570554140582e-06,0.0,0.0,2.2625523847796813e-06,0.0,26.394535880289972,247.99999735457396,21,-52.46241343233748,-39.56700217555277,-116.38793331571533,-112.02857706538114,1.0,1.0,0.7530376063300881,0.8917871303217102,0.9822866867186284,1.0886386576011415
source_0829_133953_300_34,9.429327622458059e-06,0.0,0.0,9.37711416615361e-06,0.0,19.903104111114015,163.22937048071697,14,-52.67542163689029,-38.630724522157124,-116.4771427320412,-111.77076616097754,1.0,1.0,0.9996599619386417,0.8666259571232773,1.0561964999016775,1.0596020639436283
source_0829_133953_300_35,7.169633056184314e-06,0.0,0.0,6.248833880118099e-06,0.0,18.759570589384353,144.74984567353357,13,-51.928324948212605,-37.430891358091884,-116.16754583897423,-111.44640177783393,1.0,1.0,1.0959465787547398,1.1850755407999631,0.9959936627302167,1.1664740943284988
source_0829_133953_300_36,2.3625513798174726e-05,0.0,0.0,9.879349511021651e-06,0.0,17.163580639699056,139.36861893497684,12,-53.595573170635724,-37.67023789609138,-116.87152823997548,-111.51168708297865,1.0,1.0,1.142343657390935,1.4833052911432902,1.0018020164870032,0.9459201146439156
source_0829_133953_300_37,9.33841734038531e-06,0.0,0.0,7.662505334571357e-06,0.0,18.759570589384353,144.1622327327436,13,-53.2696709252338,-38.22172958210002,-116.73013078308065,-111.66021253413672,1.0,1.0,1.1275736237354395,0.9194419944986788,1.0135065560246048,0.984118863252036
source_0829_133953_300_38,6.02402173553154e-06,0.0,0.0,1.8115968374310398e-06,0.0,15.12956827694223,105.57962317469267,9,-53.87160119863409,-37.43358209247811,-116.99431364606038,-111.44901240517184,1.0,1.0,1.2437121771882012,1.381553673164558,0.9692394534964718,0.893173293101569
source_0829_133953_300_39,1.7621853149248675e-05,0.0,0.0,1.7074849826048677e-05,0.0,19.903104111114015,161.66003131924697,14,-51.78137256847791,-38.006395522421904,-116.10771302276648,-111.60048942143318,1.0,1.0,1.0236722885014926,0.9208216901502477,0.9694391563662558,1.1892922685417024
source_0829_133953_300_4,3.311373002099158e-06,0.0,0.0,3.2182674292169366e-06,0.0,26.394535880289972,236.0875219174631,21,-54.35040381360767,-40.341081729982534,-117.20659839253436,-112.24829843097709,1.0,1.0,0.7259051491041211,1.431109795640284,0.989261874061532,0.8652240365461878
source_0829_133953_300_40,6.695897300418855e-06,0.0,0.0,6.294660699679433e-06,0.0,25.516202713087875,219.50861086667894,20,-51.467193454590266,-38.8169147904998,-115.98092733220462,-111.82025725432295,1.0,1.0,0.8378764475852871,0.7271906135605305,0.9873135470894465,1.2400918565206518
source_0829_133953_300_41,1.1560126201280308e-05,0.0,0.0,1.1517319133957926e-05,0.0,19.903104111114015,163.03620539874228,14,-53.37306442721853,-38.68356560183688,-116.77478205161749,-111.78561432235462,1.0,1.0,0.9544216978313602,1.4128471616178626,0.9601080191899578,0.9717662533680538
source_0829_133953_300_42,5.624984232281498e-06,0.0,0.0,4.725224376112003e-06,0.0,17.163580639699056,123.14111254851434,12,-53.32241320759146,-38.320465602626534,-116.75360556016419,-111.6873685342808,1.0,1.0,1.2025886081678567,0.5039285693469865,1.0080835162341202,0.9670001203865685
source_0829_133953_300_43,5.869302341843584e-06,0.0,0.0,5.7878651632536915e-06,0.0,26.394535880289972,243.35978244458943,21,-55.42200979291509,-41.15031452966791,-117.70164071273807,-112.48149578055025,1.0,1.0,0.7040365894636149,1.2286381425221535,1.014631243878008,0.7668085862763355
source_0829_133953_300_44,1.0111744027300369e-05,0.0,0.0,9.998092592389263e-06,0.0,19.903104111114015,174.49193487086154,14,-51.873609265694014,-38.63121181011572,-116.1452282890229,-111.77014459494892,1.0,1.0,0.9848234489570001,0.5000072397327435,0.9268054864567841,1.1749232780947065
source_0829_133953_300_45,5.243861177299244e-06,0.0,0.0,5.1097304277769595e-06,0.0,20.921848573623517,175.90329215199807,15,-52.58516221900404,-38.84851245064351,-116.43924915204518,-111.83021966641557,1.0,1.0,0.9366614464103606,0.9018430517183672,1.003708294188022,1.0717657907404181
source_0829_133953_300_46,4.359057551720409e-06,0.0,0.0,4.316397692494256e-06,0.0,18.759570589384353,153.29773383751,13,-54.318497973830105,-39.047159250762874,-117.19221457495372,-111.88653063935705,1.0,1.0,1.010485527489882,1.2339963987025557,1.0697492072051127,0.8684306666068803
source_0829_133953_300_47,4.028533858509528e-06,0.0,0.0,3.832568486461518e-06,0.0,26.394535880289972,240.66047866051923,21,-52.85288964347671,-39.622812378392055,-116.55205491831681,-112.04454481273415,1.0,1.0,0.7512393049039974,1.1220887550202354,1.0955732212080314,1.036227296445738
source_0829_133953_300_48,5.742991510178064e-06,0.0,0.0,2.384062633087325e-06,0.0,15.12956827694223,110.22877722747415,9,-54.38578185242193,-38.32705945083045,-117.2240906035227,-111.69013429334456,1.0,1.0,1.2389632339307015,0.7979627203532058,0.9691817204543283,0.8417859858439154
source_0829_133953_300_49,3.0862709199020453e-06,0.0,0.0,2.9155126356483763e-06,0.0,25.516202713087875,224.069174273353,20,-53.569545789246,-39.768468983672065,-116.86016528340956,-112.08601699907754,1.0,1.0,0.7693518836750621,1.3516231736310527,0.9757384447582819,0.9488924549238825
source_0829_133953_300_5,1.3302040389999777e-06,0.0,0.0,1.304823959213941e-06,0.0,18.759570589384353,164.05000892032893,13,-53.90628188540793,-39.56015668299354,-117.00814732939682,-112.02862338818112,1.0,1.0,0.9921672845761196,0.5401182839141988,1.0511692064730935,0.911447012531118
source_0829_133953_300_50,1.417360280119295e-05,0.0,0.0,6.016772273520488e-06,0.0,17.163580639699056,120.59809319470362,12,-54.13448249283602,-38.1364653136864,-117.11058249081799,-111.63802540342839,1.0,1.0,1.1993991360062204,1.0550231929749927,0.904144401668514,0.8751328026057937
source_0829_133953_300_51,2.917283499838967e-06,0.0,0.0,2.753173714009627e-06,0.0,27.28186131815145,276.66549350949606,22,-52.264290856271764,-39.663768860578706,-116.30563718997533,-112.05527394226918,1.0,1.0,0.7010013826255742,0.8657461163915059,0.9808570464380204,1.1166595238913066
source_0829_133953_300_52,6.314607219289562e-06,0.0,0.0,6.214105931712233e-06,0.0,20.921848573623517,184.00971503765675,15,-51.86547828470452,-38.535332789068185,-116.14191609886169,-111.74379257509753,1.0,1.0,0.9170433508607005,0.9237021376686492,1.0076652925972205,1.176179634583543
source_0829_133953_300_53,8.537974004005935e-06,0.0,0.0,2.591869423973492e-06,0.0,15.12956827694223,94.61889117224082,9,-52.171758337612715,-36.39553370335319,-116.2686447477737,-111.17379603962223,1.0,1.0,1.2593051095865588,1.4807098070089137,1.0314116315522452,1.1043253677612024
source_0829_133953_300_54,5.58305127710588e-06,0.0,0.0,3.156494855494074e-07,0.0,12.905025756461974,90.3134595275661,7,-53.69890562451995,-37.277167200427805,-116.91892020266852,-111.40747636465457,1.0,1.0,1.297409235956791,1.2250675353370624,1.0951611128006555,0.8994604902367325
source_0829_133953_300_55,2.704117855258226e-06,0.0,0.0,2.640126651520802e-06,0.0,18.759570589384353,155.9500225694419,13,-53.644651556276706,-39.14920506880002,-116.89298988557204,-111.91433906472143,1.0,1.0,1.0472912560848004,0.566334009430235,1.0193198551808045,0.9403513859579739
source_0829_133953_300_56,2.3892136636800853e-06,0.0,0.0,2.3509925421993927e-06,0.0,19.903104111114015,173.6086165348052,14,-53.95140054164677,-39.71260844977671,-117.02813674650847,-112.07114068906422,1.0,1.0,0.9334026525139278,0.721163439288223,1.0108901307701663,0.9065906329709663
source_0829_133953_300_57,1.8212497164745284e-06,0.0,0.0,1.7898639930180593e-06,0.0,18.759570589384353,163.27349933329734,13,-53.59684654203451,-39.35445385981303,-116.87208455542154,-111.97107612833409,1.0,1.0,1.0001691818903589,0.5655219879964933,0.9235889879349746,0.9457748022454626
source_0829_133953_300_58,2.442693178099213e-05,0.0,0.0,1.5969251012992736e-05,0.0,17.163580639699056,138.8423962958931,12,-53.32576078164122,-37.91759626435732,-116.75432980444877,-111.57810165328497,1.0,1.0,1.1566470708648728,1.0808582959053217,1.0154728268376023,0.9773804321916029
source_0829_133953_300_59,3.200441410630326e-06,0.0,0.0,3.162103637821545e-06,0.0,20.921848573623517,182.682228694673,15,-53.45815065341143,-39.11366000316919,-116.81167098523261,-111.90379078578997,1.0,1.0,0.865446973659916,1.4950672630768422,0.9698271024804458,0.9617655404678277
source_0829_133953_300_6,4.5938499657947065e-06,0.0,0.0,4.500994702061334e-06,0.0,19.903104111114015,157.2548567246178,14,-52.948406467558954,-38.275756264582654,-116.59259679158626,-111.67420983097591,1.0,1.0,0.9993889881110567,1.3560945686718788,1.0506655738020516,1.0239465125660925
source_0829_133953_300_60,5.1899123997280145e-06,0.0,0.0,1.39784245378749e-06,0.0,15.12956827694223,90.23109098220445,9,-52.870844369232344,-37.159396361557775,-116.56142349395377,-111.3756055893796,1.0,1.0,1.2888234109073986,1.0333566370522909,1.0341274747020803,1.0007939657434897
source_0829_133953_300_61,5.358467057393059e-06,0.0,0.0,1.764670983117611e-06,0.0,15.12956827694223,99.74915421948764,9,-52.55541296523346,-37.388943861841526,-116.4280416187076,-111.43630662905471,1.0,1.0,1.2572840567188397,0.8281428246063692,1.0849004417279269,1.0517383900895956
source_0829_133953_300_62,7.3789755147365145e-06,0.0,0.0,6.868981558771914e-06,0.0,17.163580639699056,135.85401712997123,12,-53.746295945823455,-38.56436831032971,-116.93787377416902,-111.75400707627371,1.0,1.0,1.1661425469490871,0.6104288395890607,1.0561011751496474,0.9252619421358906
source_0829_133953_300_63,4.8490722896647096e-06,0.0,0.0,9.010585588775655e-07,0.0,15.12956827694223,95.47298372009838,9,-52.847027603840374,-37.33385744478346,-116.55114496113744,-111.42190939955559,1.0,1.0,1.2736794193579273,0.9338167470781016,0.9653749073660227,1.0077690063273366
source_0829_133953_300_64,1.797220490826293e-05,0.0,0.0,1.7662242370097836e-05,0.0,19.903104111114015,157.30182337811374,14,-52.56541378116963,-38.071773646891224,-116.43097563438968,-111.61868924612102,1.0,1.0,1.0083911398495413,1.3131175600490081,1.0159982760910808,1.074456813454414
source_0829_133953_300_65,1.5898415180708478e-06,0.0,0.0,1.40040344898118e-06,0.0,25.516202713087875,223.74373171810947,20,-53.9579748516373,-40.057143853307004,-117.0310525664226,-112.16761510874187,1.0,1.0,0.7696638396231092,1.2539360403201956,0.9711316700706882,0.9058860364428195
source_0829_133953_300_66,5.01874436319508e-06,0.0,0.0,4.620783821573937e-06,0.0,18.759570589384353,144.95870812965921,13,-53.72965075913268,-38.43988983927167,-116.93026272975706,-111.71983070137048,1.0,1.0,1.1157533240060558,0.9807244659837193,0.9234999487629837,0.9308224464698449
source_0829_133953_300_67,6.289525930464245e-06,0.0,0.0,3.3902011019604217e-06,0.0,17.163580639699056,135.08558146633246,12,-52.749975643244056,-37.52973898471261,-116.50854685136264,-111.47360349932543,1.0,1.0,1.1657925269116756,1.1359301982506576,1.0528473265043017,1.049622968076091
source_0829_133953_300_68,6.8557582646211274e-06,0.0,0.0,6.7310759749306115e-06,0.0,20.921848573623517,173.75831257091022,15,-52.808745442107686,-38.79518689664834,-116.53337083939378,-111.81573585776194,1.0,1.0,0.9294850886229588,1.1212242190795356,1.0758403968620847,1.0419732486814686
source_0829_133953_300_69,1.7643513229096522e-06,0.0,0.0,1.7154538745067782e-06,0.0,20.921848573623517,183.7236312044613,15,-53.36720054132337,-39.38770390070741,-116.77224469977837,-111.97980707100983,1.0,1.0,0.8865980632115669,1.0206715378505582,0.9395952031819796,0.9724609636462649
source_0829_133953_300_7,7.502504979510625e-06,0.0,0.0,3.5968230367444676e-06,0.0,15.12956827694223,104.66970171508416,9,-52.84875112996679,-37.39136715282557,-116.55148530965576,-111.43709159821135,1.0,1.0,1.2429774320914393,1.0028127551516,0.9903213118000853,1.0157021901366217
source_0829_133953_300_70,1.5904191835793914e-06,0.0,0.0,1.540455328186141e-06,0.0,19.903104111114015,169.31891136708327,14,-53.8184779566964,-39.601192542918085,-116.96935850082947,-112.03992999372493,1.0,1.0,0.9638720649589337,0.6016032901045725,0.9968118841790362,0.9210056239701544
source_0829_133953_300_71,6.347019582688161e-06,0.0,0.0,4.0867734972804826e-06,0.0,18.759570589384353,138.27861763978623,13,-52.30624183403801,-37.29683157111882,-116.3230074100861,-111.41106733161612,1.0,1.0,1.134627913728859,1.287985448419037,1.0420685341711668,1.1105779281719146
source_0829_133953_300_72,2.111329862400027e-05,0.0,0.0,1.9821298516520258e-05,0.0,18.759570589384353,150.10351689009806,13,-52.89690537328035,-37.92641947801779,-116.57071773074279,-111.5798031801977,1.0,1.0,1.0487802514212197,1.407391478889575,1.0014758351924622,1.0305427497407709
source_0829_133953_300_73,6.140387387818639e-06,0.0,0.0,1.0235740707242869e-06,0.0,15.12956827694223,95.347976885162,9,-53.42301064236221,-37.42197904205621,-116.79821636011826,-111.44581262671393,1.0,1.0,1.2789207340679392,1.0640230460933644,0.9726702137634693,0.9360059186169205
source_0829_133953_300_74,1.1072979002076677e-05,0.0,0.0,5.8855147884173675e-06,0.0,18.759570589384353,137.52439909462322,13,-51.96955940382579,-37.056715383410996,-116.18439657529316,-111.34708439596291,1.0,1.0,1.1295078676791697,1.364213006255442,1.0841844417992985,1.1601267490619116
source_0829_133953_300_75,1.94188127429531e-05,0.0,0.0,1.0650452607063876e-05,0.0,17.163580639699056,131.02740110864437,12,-53.68321143952726,-37.985830405365434,-116.91026323982946,-111.59682283539983,1.0,1.0,1.168500970167086,1.1322562415055852,0.9391625634142209,0.9310682141720275
source_0829_133953_300_76,3.434770272740989e-06,0.0,0.0,2.9646728481047546e-06,0.0,22.756498676983437,199.26721061718604,17,-52.30983318785556,-39.1560582043648,-116.32449652240182,-111.91457102626829,1.0,1.0,0.8741939191166525,0.6909539906640382,0.9548037885827181,1.110130531952723
source_0829_133953_300_77,1.4437531690641033e-05,0.0,0.0,1.3714716744273048e-05,0.0,18.759570589384353,146.90085461936337,13,-52.463507386920234,-38.01313365444996,-116.38838979391866,-111.60308661985967,1.0,1.0,1.105250528904322,0.8622037965426311,0.9020634230666602,1.0884748221671148
source_0829_133953_300_78,4.374204593364049e-06,0.0,0.0,4.244259625862945e-06,0.0,20.921848573623517,182.88807123158418,15,-52.34197359284536,-38.42383830137088,-116.33782729977891,-111.71366529989083,1.0,1.0,0.8821576184565816,1.470649815834553,0.9288770193976262,1.1055540582751422
source_0829_133953_300_79,6.281583572397623e-06,0.0,0.0,6.233823281687201e-06,0.0,19.903104111114015,162.46188436747673,14,-53.64069783272651,-38.813023234727,-116.89125948135367,-111.82131853851716,1.0,1.0,0.9509654508218086,1.443517050562749,1.0654639566222017,0.9407982682802958
source_0829_133953_300_8,5.748679446262344e-06,0.0,0.0,5.341388282009696e-06,0.0,18.759570589384353,146.7727348564324,13,-53.487171117488046,-38.285474122399,-116.8242832820501,-111.67752852096527,1.0,1.0,1.0855964936607019,1.1711289038626949,1.0839169551058727,0.9583881636919117
source_0829_133953_300_80,3.1553892484630756e-05,0.0,0.0,1.7517135833089448e-05,0.0,17.163580639699056,140.61495379482227,12,-53.692062546412224,-37.89830246535088,-116.91376332437996,-111.57306314761311,1.0,1.0,1.136179960998212,1.3571454186109921,1.073281579410659,0.9350210691726456
source_0829_133953_300_81,1.8601407209137966e-06,0.0,0.0,1.7103723563005602e-06,0.0,27.28186131815145,266.93036507896386,22,-52.99041503153139,-40.06823848654043,-116.6104782521989,-112.16964869187305,1.0,1.0,0.7091558542822033,0.8193279321224222,1.0012096688141832,1.018609879493302
source_0829_133953_300_82,3.094843298831134e-06,0.0,0.0,2.8811863037603302e-06,0.0,25.516202713087875,227.47320364593622,20,-53.52008181323076,-40.081126599289696,-116.83860453371045,-112.17402524200779,1.0,1.0,0.7932536710711243,0.7478188355816124,1.0370093152928819,0.9545781967394874
source_0829_133953_300_83,1.773764114589914e-05,0.0,0.0,1.683576096200845e-05,0.0,18.759570589384353,148.02733270644464,13,-52.97135293567213,-38.07173460757325,-116.60236091354301,-111.61922648775797,1.0,1.0,1.0848926404658383,1.1355342563136328,1.0780323057074523,1.0210264247983654
source_0829_133953_300_84,5.232629653294745e-06,0.0,0.0,2.52945018608397e-06,0.0,17.163580639699056,123.04394013092028,12,-52.393179770660886,-37.345060820086296,-116.3594596425987,-111.42419113737142,1.0,1.0,1.19108973495891,1.0498376699946919,1.096828787694362,1.0919926309938164
source_0829_133953_300_85,1.7431579870784338e-06,0.0,0.0,1.6899068091547065e-06,0.0,19.903104111114015,163.98067427823244,14,-53.723896458312225,-39.25789183853982,-116.92773647894461,-111.94430373350842,1.0,1.0,0.9748919459331556,0.8906824125823352,0.9047120628800093,0.9314629526339582
source_0829_133953_300_86,4.961263027054721e-06,0.0,0.0,4.9049731485339976e-06,0.0,19.903104111114015,157.8889444911099,14,-53.0512970976539,-38.43491174819552,-116.63644818508841,-111.7175863862242,1.0,1.0,0.9989456084577706,1.2597354125795444,1.031027318719408,1.0109449127991317
source_0829_133953_300_87,2.7250132628732022e-06,0.0,0.0,2.5362290663188958e-06,0.0,26.394535880289972,262.29849826951227,21,-52.04096187689656,-39.475528603551005,-116.21364056425728,-112.00260306148184,1.0,1.0,0.7364054789362798,0.7722405857682086,0.9845766556602304,1.149457198756066
source_0829_133953_300_88,5.905339156186646e-06,0.0,0.0,5.383237417611042e-06,0.0,18.759570589384353,149.7464524098875,13,-52.41080166839156,-38.319992751142294,-116.3664322936114,-111.68614429788812,1.0,1.0,1.1057137624656777,0.5327607973774974,0.9937064647168312,1.0958289303984214
source_0829_133953_300_89,1.2302663795187784e-05,0.0,0.0,5.448784292316766e-06,0.0,15.12956827694223,113.42676705316757,9,-54.01270136452643,-38.19468392160494,-117.05660730543129,-111.6538531146371,1.0,1.0,1.2262241468100377,0.8254813922029544,0.9230626423602893,0.8828114279137296
source_0829_133953_300_9,5.107601637473909e-06,0.0,0.0,4.973692919407746e-06,0.0,20.921848573623517,177.05828289043768,15,-52.42828438837396,-38.92321704611129,-116.37371104602381,-111.85065753497078,1.0,1.0,0.9518777787848974,0.6479004485094249,1.0644938567602726,1.0933930415963387
source_0829_133953_300_90,1.0600498832141894e-05,0.0,0.0,8.873766600414612e-06,0.0,17.163580639699056,122.33193637884773,12,-53.10547920424128,-38.2019157429158,-116.66028704877924,-111.6550221152979,1.0,1.0,1.204237084503486,0.5180419964448644,0.9306552130050947,0.9936962793358268
source_0829_133953_300_91,1.6093210174109098e-06,0.0,0.0,1.382802034877173e-06,0.0,25.516202713087875,231.50165562906687,20,-53.70379073754462,-40.26900771318635,-116.91890888622933,-112.22735051915379,1.0,1.0,0.7856011722200948,0.6557526664745319,0.9079822272294571,0.9337084450163493
source_0829_133953_300_92,6.032828429428998e-06,0.0,0.0,5.951273662763157e-06,0.0,19.903104111114015,160.17227021997758,14,-52.832125332322406,-38.477456736523465,-116.54326245954402,-111.72902329249212,1.0,1.0,0.9983793855333811,1.111899081668785,0.9155263008164846,1.038924762276683
source_0829_133953_300_93,4.782086137657746e-06,0.0,0.0,4.63243853920936e-06,0.0,20.921848573623517,193.10139926134048,15,-51.97117160785373,-38.900085412325794,-116.18505665125048,-111.84373404266303,1.0,1.0,0.8992565790922378,0.6591984825494855,1.0004890359224567,1.1599836509703159
source_0829_133953_300_94,6.754613548745827e-06,0.0,0.0,6.3747601666275244e-06,0.0,20.921848573623517,174.077136872273,15,-51.97378785784184,-38.52668466165465,-116.18612582319588,-111.74165820358161,1.0,1.0,0.9668722747976364,0.7583052803514554,0.9324783579350664,1.1595864447873652
source_0829_133953_300_95,1.9909263731229194e-06,0.0,0.0,1.8451783969641866e-06,0.0,23.68248997936912,200.91685924143258,18,-52.75391004307103,-39.223142320207415,-116.51020765544007,-111.9334777073207,1.0,1.0,0.8435834293284706,1.0596198206262477,0.9012966722850333,1.049171502380757
source_0829_133953_300_96,2.2320153967467234e-05,0.0,0.0,2.1501740895657484e-05,0.0,19.903104111114015,160.2382152637378,14,-51.62038746343047,-37.66013378081355,-116.04255674561333,-111.50722106666403,1.0,1.0,1.016038934566904,1.193838341537921,1.0402510220726606,1.2149530910434958
source_0829_133953_300_97,3.255736150412732e-05,0.0,0.0,1.412103283282562e-05,0.0,17.163580639699056,134.07340761751178,12,-53.533750265197845,-37.74932607730493,-116.84476777786053,-111.5329657522553,1.0,1.0,1.1589694575716831,1.3175882051302397,0.9866366808826124,0.9503088891772351
source_0829_133953_300_98,1.3360500256906269e-05,0.0,0.0,1.3285184636724345e-05,0.0,19.903104111114015,160.67289568066965,14,-51.7141264663058,-37.608633260950995,-116.08044757753746,-111.49345083137393,1.0,1.0,1.0037390280908318,1.3368450226563104,0.9671527710632711,1.1999204059205777
source_0829_133953_300_99,4.2729955723625395e-06,0.0,0.0,4.167695777157476e-06,0.0,23.68248997936912,200.92808369133647,18,-52.82521523559919,-39.03898356199941,-116.54033724570523,-111.88256060158236,1.0,1.0,0.8285791235945433,1.3903922623301699,0.9722813804890039,1.039824820136373
